date,open,high,low,close,volume,wap,count
2025-06-05 16:00:00+00:00,69.0,103.75,64.0,83.22,40203839.0,83.694,153487.0
2025-06-06 13:30:00+00:00,96.25,119.4,92.95,112.5,26973827.0,104.217,112348.0
2025-06-06 16:00:00+00:00,112.48,123.52,106.2,107.7,19464241.0,115.797,88132.0
2025-06-09 13:30:00+00:00,132.72,138.57,109.45,110.63,22957950.0,122.304,96614.0
2025-06-09 16:00:00+00:00,110.78,119.0,108.4,115.25,10340438.0,114.911,40434.0
2025-06-10 13:30:00+00:00,115.0,115.0,101.51,104.9,12508412.0,106.955,47192.0
2025-06-10 16:00:00+00:00,104.9,109.44,103.4,105.96,7028930.0,106.829,26462.0
2025-06-11 13:30:00+00:00,107.0,120.1,106.5,120.0,11670025.0,113.757,36841.0
2025-06-11 16:00:00+00:00,119.97,120.49,113.3,117.23,7885866.0,116.951,26814.0
2025-06-12 13:30:00+00:00,116.79,117.94,110.01,112.23,5367091.0,112.115,16800.0
2025-06-12 16:00:00+00:00,112.26,113.18,104.26,106.6,5332132.0,108.092,19135.0
2025-06-13 13:30:00+00:00,108.81,122.64,108.8,122.34,10917737.0,115.97,36358.0
2025-06-13 16:00:00+00:00,122.3,134.72,120.5,133.8,16802828.0,125.817,56807.0
2025-06-16 13:30:00+00:00,147.54,165.6,147.0,157.59,20179806.0,158.774,76616.0
2025-06-16 16:00:00+00:00,157.59,158.0,145.88,151.04,12999691.0,152.489,51616.0
2025-06-17 13:30:00+00:00,156.36,164.42,147.52,150.61,14277254.0,156.295,52097.0
2025-06-17 16:00:00+00:00,150.46,150.98,143.53,149.01,8635164.0,147.532,34184.0
2025-06-18 13:30:00+00:00,153.22,174.82,148.0,172.53,20721437.0,163.908,74758.0
2025-06-18 16:00:00+00:00,172.36,200.9,172.2,199.83,26736087.0,186.552,106998.0
2025-06-20 13:30:00+00:00,231.34,241.68,206.17,238.31,33644306.0,224.281,144210.0
2025-06-20 16:00:00+00:00,238.26,248.88,229.42,240.65,25956533.0,240.658,123249.0
2025-06-23 13:30:00+00:00,238.46,298.99,232.48,288.8,34386164.0,271.129,163477.0
2025-06-23 16:00:00+00:00,288.35,289.33,243.11,263.11,33737432.0,262.962,160666.0
2025-06-24 13:30:00+00:00,250.42,265.0,242.0,248.37,20448516.0,250.633,91196.0
2025-06-24 16:00:00+00:00,248.31,254.08,217.57,222.81,23870878.0,230.885,112549.0
2025-06-25 13:30:00+00:00,218.21,227.54,200.0,200.0,20829893.0,209.243,98092.0
2025-06-25 16:00:00+00:00,200.0,208.58,198.0,198.9,12201302.0,202.613,60375.0
2025-06-26 13:30:00+00:00,209.04,226.95,205.68,221.62,21622164.0,218.48,98666.0
2025-06-26 16:00:00+00:00,221.6,225.75,210.0,213.75,10119581.0,218.4,47763.0
2025-06-27 13:30:00+00:00,223.65,223.65,188.06,191.87,17884332.0,200.192,83962.0
2025-06-27 16:00:00+00:00,191.86,195.3,175.6,180.23,16871898.0,183.116,83407.0
2025-06-30 13:30:00+00:00,181.77,192.5,178.01,184.58,16060983.0,185.732,69632.0
2025-06-30 16:00:00+00:00,184.54,185.0,178.5,180.46,7785616.0,181.731,38448.0
2025-07-01 13:30:00+00:00,184.67,185.0,171.5,179.62,12189020.0,179.219,49554.0
2025-07-01 16:00:00+00:00,179.74,194.0,178.02,192.56,11165812.0,187.745,46004.0
2025-07-02 13:30:00+00:00,187.21,189.0,178.02,181.15,7840649.0,183.147,30875.0
2025-07-02 16:00:00+00:00,181.22,183.75,176.0,178.01,5153575.0,179.363,24059.0
2025-07-03 13:30:00+00:00,182.17,192.5,181.39,185.16,10809831.0,187.084,44913.0
2025-07-03 16:00:00+00:00,185.06,189.05,184.93,188.6,1628558.0,186.995,7805.0
2025-07-07 13:30:00+00:00,193.75,205.6,186.6,200.9,14762622.0,198.687,65100.0
2025-07-07 16:00:00+00:00,200.89,208.6,198.25,207.63,9064280.0,203.389,42175.0
2025-07-08 13:30:00+00:00,199.5,209.5,196.0,205.1,10728202.0,204.065,44126.0
2025-07-08 16:00:00+00:00,205.15,209.25,202.2,204.78,5338005.0,206.264,22743.0
2025-07-09 13:30:00+00:00,209.36,215.6,197.25,199.86,9217435.0,206.642,38245.0
2025-07-09 16:00:00+00:00,199.77,202.0,197.35,200.69,4325745.0,200.152,19236.0
2025-07-10 13:30:00+00:00,208.84,209.57,199.0,203.32,5802860.0,204.396,26647.0
2025-07-10 16:00:00+00:00,203.29,204.36,200.0,202.89,2527158.0,202.643,11767.0
2025-07-11 13:30:00+00:00,204.18,206.8,185.18,188.52,9168539.0,191.812,37552.0
2025-07-11 16:00:00+00:00,188.46,189.95,182.5,187.38,4013559.0,186.46,21634.0
2025-07-14 13:30:00+00:00,189.27,196.9,185.54,196.56,5690151.0,192.295,23783.0
2025-07-14 16:00:00+00:00,196.56,204.91,194.6,204.78,5519216.0,199.22,24415.0
2025-07-15 13:30:00+00:00,198.0,203.46,195.6,199.3,4774955.0,199.518,21747.0
2025-07-15 16:00:00+00:00,199.36,199.82,188.1,195.33,5676416.0,194.741,24675.0
2025-07-16 13:30:00+00:00,203.05,222.07,201.32,219.87,14567202.0,213.438,61614.0
2025-07-16 16:00:00+00:00,219.51,239.7,219.5,233.04,17618380.0,231.489,79382.0
2025-07-17 13:30:00+00:00,225.67,235.5,220.01,230.1,8551051.0,228.784,35320.0
2025-07-17 16:00:00+00:00,230.1,244.36,228.6,234.91,12195326.0,236.218,51536.0
2025-07-18 13:30:00+00:00,244.9,262.97,230.03,234.5,20712715.0,243.017,88577.0
2025-07-18 16:00:00+00:00,234.56,234.79,222.49,223.83,9060982.0,225.866,39653.0
2025-07-21 13:30:00+00:00,226.4,231.88,221.02,222.69,7649902.0,227.25,33416.0
2025-07-21 16:00:00+00:00,222.68,224.64,213.33,216.01,5654590.0,219.139,26114.0
2025-07-22 13:30:00+00:00,207.55,211.99,196.45,197.08,7884589.0,200.726,35032.0
2025-07-22 16:00:00+00:00,197.07,199.98,192.9,198.42,5050126.0,196.219,23270.0
2025-07-23 13:30:00+00:00,198.38,202.21,195.08,201.32,4844833.0,199.497,20088.0
2025-07-23 16:00:00+00:00,201.32,202.5,197.8,202.4,2481228.0,200.733,10641.0
2025-07-24 13:30:00+00:00,199.75,201.25,191.35,191.81,3614490.0,194.426,15422.0
2025-07-24 16:00:00+00:00,191.78,193.79,189.6,193.08,2836058.0,191.639,12568.0
2025-07-25 13:30:00+00:00,192.54,194.0,187.5,193.14,3041758.0,190.951,13176.0
2025-07-25 16:00:00+00:00,193.16,195.7,191.84,192.9,1994420.0,193.582,9307.0
2025-07-28 13:30:00+00:00,196.98,197.9,183.91,186.67,4401298.0,188.562,16972.0
2025-07-28 16:00:00+00:00,186.63,188.85,185.05,185.38,2327939.0,186.857,11768.0
2025-07-29 13:30:00+00:00,187.88,190.75,184.7,187.75,3703026.0,188.212,14727.0
2025-07-29 16:00:00+00:00,187.78,189.48,180.68,181.75,3109577.0,184.544,14296.0
2025-07-30 13:30:00+00:00,182.62,193.34,182.1,188.14,4331417.0,188.996,17601.0
2025-07-30 16:00:00+00:00,188.06,191.9,185.0,190.68,2597331.0,188.505,12288.0
2025-07-31 13:30:00+00:00,188.75,189.87,184.22,187.08,1798883.0,187.404,8252.0
2025-07-31 16:00:00+00:00,187.17,188.79,183.0,183.54,2000202.0,185.461,8949.0
2025-08-01 13:30:00+00:00,176.93,181.55,167.3,176.3,5553486.0,172.834,24999.0
2025-08-01 16:00:00+00:00,176.21,177.04,168.0,168.16,3524865.0,171.354,16867.0
2025-08-04 13:30:00+00:00,172.1,172.1,154.63,158.55,5627874.0,159.324,25548.0
2025-08-04 16:00:00+00:00,158.56,164.98,157.42,164.9,2899399.0,161.782,13496.0
2025-08-05 13:30:00+00:00,160.0,164.32,158.22,160.16,2558727.0,161.102,10664.0
2025-08-05 16:00:00+00:00,160.16,161.61,153.91,153.92,3164363.0,157.184,14134.0
2025-08-06 13:30:00+00:00,150.09,156.8,149.0,156.51,2806779.0,153.636,12260.0
2025-08-06 16:00:00+00:00,156.42,162.44,156.41,161.8,3039306.0,159.739,13722.0
2025-08-07 13:30:00+00:00,167.68,169.92,151.82,151.92,4181036.0,158.292,17539.0
2025-08-07 16:00:00+00:00,151.89,153.65,151.1,152.98,2554039.0,152.464,11790.0
2025-08-08 13:30:00+00:00,155.02,163.22,154.11,158.6,4433107.0,159.144,19821.0
2025-08-08 16:00:00+00:00,158.52,160.85,156.71,159.04,1972902.0,158.577,10488.0
2025-08-11 13:30:00+00:00,160.98,169.8,155.52,165.56,4920855.0,164.617,22353.0
2025-08-11 16:00:00+00:00,165.5,166.23,160.08,161.39,3235232.0,162.759,16884.0
2025-08-12 13:30:00+00:00,186.3,189.92,166.74,169.64,13591160.0,174.843,59212.0
2025-08-12 16:00:00+00:00,169.44,169.55,161.51,163.16,6472825.0,165.159,29836.0
2025-08-13 13:30:00+00:00,156.64,164.64,154.0,157.46,7846549.0,157.614,35256.0
2025-08-13 16:00:00+00:00,157.45,158.92,152.15,153.16,4047607.0,154.591,20881.0
2025-08-14 13:30:00+00:00,152.0,156.8,142.01,144.74,5230790.0,147.413,23492.0
2025-08-14 16:00:00+00:00,144.82,146.89,136.4,139.25,5878579.0,140.684,28683.0
2025-08-15 13:30:00+00:00,141.16,148.03,139.25,146.78,8453168.0,143.415,40567.0
2025-08-15 16:00:00+00:00,146.87,151.47,145.0,149.4,5944828.0,149.312,30322.0
2025-08-18 13:30:00+00:00,148.69,149.45,144.7,145.0,2592493.0,146.798,11938.0
2025-08-18 16:00:00+00:00,145.01,147.11,141.35,141.46,2491695.0,143.917,13034.0
2025-08-19 13:30:00+00:00,143.98,144.65,134.66,134.85,3677342.0,137.853,18870.0
2025-08-19 16:00:00+00:00,134.78,136.23,133.11,135.28,2596149.0,134.687,14914.0
2025-08-20 13:30:00+00:00,136.94,138.31,129.1,136.59,4247693.0,132.968,20479.0
2025-08-20 16:00:00+00:00,136.6,139.5,135.66,137.88,2490828.0,137.811,13575.0
2025-08-21 13:30:00+00:00,135.0,136.99,133.3,134.3,1357615.0,135.041,6920.0
2025-08-21 16:00:00+00:00,134.19,134.47,131.59,131.79,1815304.0,133.121,10646.0
2025-08-22 13:30:00+00:00,132.42,144.7,131.05,141.12,5565440.0,140.068,25756.0
2025-08-22 16:00:00+00:00,141.18,141.8,134.0,134.84,3747846.0,137.329,19336.0
2025-08-25 13:30:00+00:00,134.36,135.32,126.01,127.09,4121231.0,128.298,19623.0
2025-08-25 16:00:00+00:00,127.1,127.73,124.7,125.24,2368126.0,126.207,11655.0
2025-08-26 13:30:00+00:00,125.6,127.49,124.16,126.69,2234833.0,126.149,9797.0
2025-08-26 16:00:00+00:00,126.7,130.25,124.3,129.04,2231376.0,127.018,10243.0
2025-08-27 13:30:00+00:00,129.05,130.27,127.28,128.58,1902309.0,128.768,8631.0
2025-08-27 16:00:00+00:00,128.59,128.82,126.01,127.35,1363407.0,127.094,7270.0
2025-08-28 13:30:00+00:00,129.0,132.48,127.66,130.44,2190062.0,130.363,10113.0
2025-08-28 16:00:00+00:00,130.49,132.78,130.0,131.05,1542144.0,131.174,8149.0
2025-08-29 13:30:00+00:00,131.07,134.17,129.0,131.01,3050281.0,131.613,13379.0
2025-08-29 16:00:00+00:00,131.09,135.97,131.08,131.99,2554130.0,133.812,12295.0
2025-09-02 13:30:00+00:00,128.56,131.69,121.62,122.35,3645889.0,126.043,18068.0
2025-09-02 16:00:00+00:00,122.34,123.0,119.63,120.14,3166018.0,121.263,19308.0
2025-09-03 13:30:00+00:00,122.09,122.28,116.6,120.05,3784044.0,118.852,17575.0
2025-09-03 16:00:00+00:00,120.05,120.3,117.26,118.58,2725878.0,118.738,12214.0
2025-09-04 13:30:00+00:00,117.64,120.32,115.19,116.34,2121914.0,117.521,10218.0
2025-09-04 16:00:00+00:00,116.43,117.66,115.08,117.58,1967502.0,116.012,10074.0
2025-09-05 13:30:00+00:00,117.78,118.8,108.02,109.39,4866864.0,111.165,24278.0
2025-09-05 16:00:00+00:00,109.36,114.73,109.14,114.55,2543042.0,112.4,14478.0
2025-09-08 13:30:00+00:00,114.0,117.78,110.05,115.51,3405986.0,114.689,18074.0
2025-09-08 16:00:00+00:00,115.5,116.37,112.07,112.49,1893024.0,114.106,11610.0
2025-09-09 13:30:00+00:00,113.63,120.75,112.62,115.92,3974887.0,117.511,18542.0
2025-09-09 16:00:00+00:00,115.95,118.5,115.35,118.02,2190607.0,117.173,11666.0
2025-09-10 13:30:00+00:00,119.97,124.98,117.31,117.62,4458551.0,120.637,20389.0
2025-09-10 16:00:00+00:00,117.57,117.7,113.17,113.69,1914073.0,115.141,9558.0
2025-09-11 13:30:00+00:00,114.22,133.4,113.3,128.05,11238480.0,127.193,49795.0
2025-09-11 16:00:00+00:00,128.1,136.49,127.96,133.77,5660191.0,131.971,26416.0
2025-09-12 13:30:00+00:00,134.85,134.9,128.08,130.3,5015360.0,131.228,22014.0
2025-09-12 16:00:00+00:00,130.29,130.34,124.5,125.29,5126311.0,126.178,25176.0
2025-09-15 13:30:00+00:00,129.9,131.48,125.08,128.31,3838484.0,128.736,16736.0
2025-09-15 16:00:00+00:00,128.36,135.78,127.03,134.08,4208808.0,132.062,20390.0
2025-09-16 13:30:00+00:00,139.82,142.55,133.92,135.23,5228110.0,137.215,22463.0
2025-09-16 16:00:00+00:00,135.19,138.1,134.11,134.76,2672390.0,135.896,13025.0
2025-09-17 13:30:00+00:00,135.0,146.5,132.07,133.56,8168927.0,138.128,34338.0
2025-09-17 16:00:00+00:00,133.52,135.5,128.26,130.84,4474153.0,131.489,20237.0
2025-09-18 13:30:00+00:00,134.74,141.42,134.07,138.83,6554875.0,138.862,30381.0
2025-09-18 16:00:00+00:00,138.43,143.58,135.68,140.35,4486711.0,140.142,23587.0
2025-09-19 13:30:00+00:00,145.05,147.7,139.53,141.41,5709043.0,143.946,22563.0
2025-09-19 16:00:00+00:00,141.41,145.0,140.54,144.1,2803632.0,142.735,14014.0
2025-09-22 13:30:00+00:00,139.88,139.88,134.56,137.62,3509128.0,137.12,14987.0
2025-09-22 16:00:00+00:00,137.59,140.71,136.62,137.59,2278550.0,138.401,11181.0
2025-09-23 13:30:00+00:00,138.67,141.6,134.3,135.22,2824043.0,137.517,12276.0
2025-09-23 16:00:00+00:00,135.22,135.61,130.7,130.93,2735779.0,132.528,13044.0
2025-09-24 13:30:00+00:00,134.63,135.62,130.04,133.3,3061368.0,133.178,13769.0
2025-09-24 16:00:00+00:00,133.38,136.34,131.4,131.6,2414826.0,133.738,11946.0
2025-09-25 13:30:00+00:00,128.99,130.24,124.3,130.04,2713083.0,127.644,13130.0
2025-09-25 16:00:00+00:00,130.05,130.26,124.45,124.73,1847647.0,126.506,10168.0
2025-09-26 13:30:00+00:00,125.42,127.2,122.83,125.44,1737296.0,124.892,7726.0
2025-09-26 16:00:00+00:00,125.38,128.49,124.97,127.17,1425150.0,127.055,7261.0
2025-09-29 13:30:00+00:00,129.5,137.8,128.5,136.55,5054123.0,135.066,22459.0
2025-09-29 16:00:00+00:00,136.54,136.98,133.31,133.66,2036950.0,134.871,10310.0
2025-09-30 13:30:00+00:00,136.2,137.99,132.95,133.7,2746686.0,134.909,12596.0
2025-09-30 16:00:00+00:00,133.76,134.87,132.37,132.53,1784129.0,133.486,10355.0
2025-10-01 13:30:00+00:00,133.83,137.27,133.0,137.22,2632398.0,135.186,11741.0
2025-10-01 16:00:00+00:00,137.14,137.19,127.6,128.94,2999130.0,131.315,15033.0
2025-10-02 13:30:00+00:00,133.45,139.39,132.75,139.33,4805426.0,136.371,20242.0
2025-10-02 16:00:00+00:00,139.37,152.05,137.86,149.74,8970921.0,146.713,41649.0
2025-10-03 13:30:00+00:00,148.4,153.48,144.14,152.83,6337050.0,147.95,26606.0
2025-10-03 16:00:00+00:00,152.8,156.47,144.18,145.76,7858342.0,150.569,30649.0
2025-10-06 13:30:00+00:00,154.01,154.18,145.56,148.74,4330067.0,148.494,19781.0
2025-10-06 16:00:00+00:00,148.81,153.17,146.7,148.59,2667333.0,150.072,12069.0
2025-10-07 13:30:00+00:00,152.0,157.56,144.18,146.68,6194512.0,151.632,26889.0
2025-10-07 16:00:00+00:00,146.51,150.33,145.3,148.72,2197109.0,147.857,10994.0
2025-10-08 13:30:00+00:00,150.3,152.16,143.55,148.98,4409280.0,148.063,19610.0
2025-10-08 16:00:00+00:00,148.95,151.44,146.33,150.36,3252321.0,148.46,14771.0
2025-10-09 13:30:00+00:00,150.8,153.88,146.74,147.64,4085478.0,150.465,18736.0
2025-10-09 16:00:00+00:00,147.64,151.15,145.8,150.48,2797684.0,148.843,13369.0
2025-10-10 13:30:00+00:00,150.89,159.47,137.5,141.38,9667025.0,148.668,43793.0
2025-10-10 16:00:00+00:00,141.39,141.96,132.6,132.94,5685945.0,136.535,29098.0
2025-10-13 13:30:00+00:00,138.06,141.38,135.11,137.24,4337657.0,138.291,20035.0
2025-10-13 16:00:00+00:00,137.19,138.02,135.5,137.48,2189788.0,136.818,11788.0
2025-10-14 13:30:00+00:00,133.25,135.78,129.33,135.55,2625443.0,132.913,12118.0
2025-10-14 16:00:00+00:00,135.63,138.62,134.22,134.4,2012010.0,136.592,10866.0
2025-10-15 13:30:00+00:00,137.32,141.1,135.25,136.98,3689664.0,138.4,15605.0
2025-10-15 16:00:00+00:00,137.0,137.59,132.58,134.5,2116639.0,134.76,10456.0
2025-10-16 13:30:00+00:00,135.92,136.87,131.85,132.18,1992208.0,134.546,9115.0
2025-10-16 16:00:00+00:00,132.15,132.5,127.88,128.32,2631887.0,129.695,13482.0
2025-10-17 13:30:00+00:00,125.25,126.63,123.09,125.26,2833415.0,124.757,13681.0
2025-10-17 16:00:00+00:00,125.32,127.76,124.55,126.51,1517837.0,126.339,8798.0
2025-10-20 13:30:00+00:00,129.79,135.73,128.43,134.91,3812301.0,132.735,17765.0
2025-10-20 16:00:00+00:00,134.91,135.45,128.25,130.81,2388034.0,131.16,12783.0
2025-10-21 13:30:00+00:00,130.45,130.45,125.65,128.33,2404651.0,127.675,12362.0
2025-10-21 16:00:00+00:00,128.45,133.0,126.98,129.95,4066826.0,130.066,20682.0
2025-10-22 13:30:00+00:00,128.57,131.0,124.68,126.33,3288773.0,127.957,15773.0
2025-10-22 16:00:00+00:00,126.33,126.43,122.5,124.72,2476894.0,124.447,13576.0
2025-10-23 13:30:00+00:00,125.39,127.44,124.31,126.73,1817037.0,125.847,8201.0
2025-10-23 16:00:00+00:00,126.66,130.01,126.29,129.83,2407479.0,128.307,13039.0
2025-10-24 13:30:00+00:00,132.96,140.22,131.02,136.53,4882758.0,135.88,23722.0
2025-10-24 16:00:00+00:00,136.56,144.03,135.5,142.0,5718341.0,141.297,30898.0
2025-10-27 13:30:00+00:00,146.93,147.44,138.1,140.54,4120322.0,141.144,18512.0
2025-10-27 16:00:00+00:00,140.45,143.39,139.48,143.28,2548447.0,142.101,13108.0
2025-10-28 13:30:00+00:00,142.87,143.38,138.3,139.4,2297850.0,139.953,9761.0
2025-10-28 16:00:00+00:00,139.47,140.66,135.85,136.16,2639164.0,138.06,13170.0
2025-10-29 13:30:00+00:00,136.0,136.05,132.52,132.94,1881175.0,134.05,8153.0
2025-10-29 16:00:00+00:00,132.93,133.0,129.68,131.68,2829979.0,131.561,14911.0
2025-10-30 13:30:00+00:00,129.97,130.0,124.84,125.39,2932038.0,126.321,14531.0
2025-10-30 16:00:00+00:00,125.27,126.74,122.49,122.68,2971224.0,123.943,16159.0
2025-10-31 13:30:00+00:00,126.31,129.4,124.97,126.36,2667599.0,127.257,12385.0
2025-10-31 16:00:00+00:00,126.31,127.49,124.88,126.94,1501328.0,126.179,8793.0
2025-11-03 14:30:00+00:00,125.75,125.75,117.82,118.97,2543937.0,121.093,11528.0
2025-11-03 16:00:00+00:00,118.9,119.99,118.0,118.48,2133731.0,118.807,9231.0
2025-11-03 20:00:00+00:00,118.53,119.75,117.85,117.89,729626.0,118.627,4508.0
2025-11-04 14:30:00+00:00,113.79,117.2,111.1,113.88,2355308.0,114.335,11378.0
2025-11-04 16:00:00+00:00,113.84,114.5,108.9,109.39,2767650.0,111.017,13707.0
2025-11-04 20:00:00+00:00,109.4,111.43,109.0,111.16,1074370.0,110.233,6310.0
2025-11-05 14:30:00+00:00,113.1,114.3,111.94,113.89,1210616.0,112.969,5038.0
2025-11-05 16:00:00+00:00,113.89,114.74,112.6,113.52,1237347.0,113.553,5335.0
2025-11-05 20:00:00+00:00,113.5,114.85,112.8,113.57,739322.0,113.882,4507.0
2025-11-06 14:30:00+00:00,113.05,113.36,103.0,104.26,3298547.0,106.047,16030.0
2025-11-06 16:00:00+00:00,104.33,104.62,101.58,102.08,2905931.0,103.104,14403.0
2025-11-06 20:00:00+00:00,102.08,102.33,100.0,100.0,1359366.0,100.726,8680.0
2025-11-07 14:30:00+00:00,99.0,102.03,96.1,98.32,3110075.0,99.075,16628.0
2025-11-07 16:00:00+00:00,98.3,102.99,98.16,102.86,2074014.0,100.112,12267.0
2025-11-07 20:00:00+00:00,102.84,103.33,101.23,102.98,923222.0,102.62,5571.0
2025-11-10 14:30:00+00:00,107.8,110.54,103.6,104.16,2686995.0,106.9,13485.0
2025-11-10 16:00:00+00:00,104.1,105.59,102.58,104.98,1780128.0,104.093,10300.0
2025-11-10 20:00:00+00:00,105.08,105.45,102.97,103.98,840677.0,104.204,5755.0
2025-11-11 14:30:00+00:00,102.05,102.49,99.02,100.09,1765134.0,100.44,9432.0
2025-11-11 16:00:00+00:00,100.09,100.97,98.81,99.93,2119284.0,99.722,11089.0
2025-11-11 20:00:00+00:00,99.92,100.68,97.95,98.23,1919430.0,99.078,10883.0
2025-11-12 14:30:00+00:00,93.76,95.52,89.01,89.97,9035237.0,91.304,41224.0
2025-11-12 16:00:00+00:00,89.92,90.39,86.85,87.11,9740133.0,88.139,45643.0
2025-11-12 20:00:00+00:00,87.1,88.8,85.86,85.93,5396554.0,87.07,27446.0
2025-11-13 14:30:00+00:00,86.3,88.42,83.88,86.67,16689405.0,85.792,73814.0
2025-11-13 16:00:00+00:00,86.63,86.95,82.81,84.21,9595749.0,84.871,53649.0
2025-11-13 20:00:00+00:00,84.2,84.5,81.38,82.24,5798248.0,82.835,31967.0
2025-11-14 14:30:00+00:00,83.5,85.05,81.5,83.81,16589524.0,82.673,57582.0
2025-11-14 16:00:00+00:00,83.91,84.75,81.87,82.96,7932959.0,83.251,26304.0
2025-11-14 20:00:00+00:00,82.98,83.01,81.65,82.0,2177516.0,82.186,12449.0
2025-11-17 14:30:00+00:00,81.79,81.9,77.5,77.81,5554954.0,79.517,24136.0
2025-11-17 16:00:00+00:00,77.73,78.28,75.1,75.67,6992651.0,76.671,34386.0
2025-11-17 20:00:00+00:00,75.64,76.72,75.39,76.59,2414106.0,76.043,13303.0
2025-11-18 14:30:00+00:00,75.62,78.15,75.04,76.81,5938816.0,76.91,23828.0
2025-11-18 16:00:00+00:00,76.77,78.06,76.33,77.22,4620106.0,77.362,24941.0
2025-11-18 20:00:00+00:00,77.18,77.32,76.49,76.59,1380131.0,76.835,9150.0
2025-11-19 14:30:00+00:00,76.49,76.6,69.42,69.66,10578220.0,72.11,51758.0
2025-11-19 16:00:00+00:00,69.63,70.29,67.55,68.95,8290003.0,68.904,37620.0
2025-11-19 20:00:00+00:00,68.95,69.92,68.68,69.66,2291831.0,69.321,12188.0
2025-11-20 14:30:00+00:00,71.29,71.41,68.34,68.4,4916409.0,69.378,22244.0
2025-11-20 16:00:00+00:00,68.37,69.04,64.92,67.42,7274252.0,66.696,34183.0
2025-11-20 20:00:00+00:00,67.4,67.61,66.49,66.91,1928532.0,66.951,10920.0
2025-11-21 14:30:00+00:00,66.92,69.3,66.14,67.97,4406546.0,67.983,20934.0
2025-11-21 16:00:00+00:00,68.03,72.18,67.07,71.76,6471044.0,70.614,28395.0
2025-11-21 20:00:00+00:00,71.75,72.33,71.26,71.37,2116738.0,71.789,12633.0
2025-11-24 14:30:00+00:00,72.0,72.71,69.61,72.56,4684677.0,71.556,22716.0
2025-11-24 16:00:00+00:00,72.55,73.43,71.96,72.24,4592407.0,72.652,28400.0
2025-11-24 20:00:00+00:00,72.25,72.73,71.96,72.7,1343966.0,72.35,8895.0
2025-11-25 14:30:00+00:00,69.14,70.03,68.05,69.44,3512470.0,69.021,18264.0
2025-11-25 16:00:00+00:00,69.4,69.85,68.4,69.72,3115984.0,69.039,18550.0
2025-11-25 20:00:00+00:00,69.72,70.1,69.44,69.99,1506473.0,69.801,10105.0
2025-11-26 14:30:00+00:00,71.15,71.4,68.86,69.54,3306226.0,70.059,16306.0
2025-11-26 16:00:00+00:00,69.55,73.29,69.5,71.96,5694191.0,71.395,27062.0
2025-11-26 20:00:00+00:00,72.01,73.26,71.85,72.67,1698219.0,72.711,9302.0
2025-11-28 14:30:00+00:00,75.31,80.95,74.02,80.77,10785880.0,78.337,43187.0
2025-11-28 16:00:00+00:00,80.76,81.48,78.73,79.89,6023757.0,80.404,28480.0
2025-12-01 14:30:00+00:00,77.49,79.84,75.23,76.56,5033038.0,77.46,22266.0
2025-12-01 16:00:00+00:00,76.59,76.95,75.41,75.95,3894375.0,76.136,21020.0
2025-12-01 20:00:00+00:00,76.0,76.8,75.8,76.03,1669074.0,76.199,11285.0
2025-12-02 14:30:00+00:00,78.4,80.73,77.25,79.82,5017693.0,78.893,24676.0
2025-12-02 16:00:00+00:00,79.82,80.35,77.51,78.47,3703264.0,78.784,18786.0
2025-12-02 20:00:00+00:00,78.52,78.86,77.18,77.44,1151897.0,77.832,6991.0
2025-12-03 14:30:00+00:00,78.39,82.4,75.97,81.69,4771524.0,79.799,23807.0
2025-12-03 16:00:00+00:00,81.74,85.32,81.74,84.55,7466984.0,83.739,34894.0
2025-12-03 20:00:00+00:00,84.56,86.59,84.05,86.29,2154413.0,85.722,11147.0
2025-12-04 14:30:00+00:00,83.98,87.0,83.2,86.65,4026658.0,84.812,16829.0
2025-12-04 16:00:00+00:00,86.66,87.5,85.5,86.67,3280650.0,86.406,16946.0
2025-12-04 20:00:00+00:00,86.7,88.27,86.64,87.42,1491959.0,87.544,8209.0
2025-12-05 14:30:00+00:00,86.09,86.66,83.14,86.31,3083054.0,84.999,13479.0
2025-12-05 16:00:00+00:00,86.29,86.5,84.07,85.78,2833843.0,85.083,13699.0
2025-12-05 20:00:00+00:00,85.76,86.0,85.02,85.57,874535.0,85.553,5646.0
2025-12-08 14:30:00+00:00,86.95,87.41,81.34,82.36,3413978.0,83.649,15035.0
2025-12-08 16:00:00+00:00,82.32,83.56,81.82,83.0,1956861.0,82.83,11262.0
2025-12-08 20:00:00+00:00,83.03,84.18,82.97,83.92,1092244.0,83.678,6633.0
2025-12-09 14:30:00+00:00,83.23,88.67,81.76,87.95,4182981.0,85.862,18512.0
2025-12-09 16:00:00+00:00,87.93,89.98,87.23,89.36,4668044.0,88.727,21547.0
2025-12-09 20:00:00+00:00,89.31,89.52,88.69,88.88,1273686.0,89.156,7335.0
2025-12-10 14:30:00+00:00,87.41,87.83,85.05,85.87,2370537.0,86.084,11155.0
2025-12-10 16:00:00+00:00,85.87,88.63,85.41,88.01,2137627.0,86.674,10722.0
2025-12-10 20:00:00+00:00,88.05,89.55,86.97,88.41,1574569.0,88.56,9058.0
2025-12-11 14:30:00+00:00,85.57,87.9,83.33,87.14,3058917.0,85.676,13217.0
2025-12-11 16:00:00+00:00,87.09,88.5,85.59,88.16,3352484.0,87.259,17268.0
2025-12-11 20:00:00+00:00,88.1,89.26,88.01,88.56,1424660.0,88.651,8562.0
2025-12-12 14:30:00+00:00,89.53,91.3,83.55,83.76,3970763.0,87.481,17020.0
2025-12-12 16:00:00+00:00,83.7,84.58,82.03,83.67,4784024.0,83.378,23132.0
2025-12-12 20:00:00+00:00,83.71,84.05,83.13,83.44,1278815.0,83.593,8565.0
2025-12-15 14:30:00+00:00,83.85,84.18,75.95,77.18,4996798.0,78.29,23188.0
2025-12-15 16:00:00+00:00,77.23,77.98,75.0,75.83,3635286.0,76.089,19126.0
2025-12-15 20:00:00+00:00,75.82,76.11,74.73,75.48,1729305.0,75.484,10294.0
2025-12-16 14:30:00+00:00,77.86,83.35,77.33,82.81,5785362.0,81.284,28779.0
2025-12-16 16:00:00+00:00,82.84,83.5,81.01,82.06,3147365.0,82.133,16634.0
2025-12-16 20:00:00+00:00,82.07,82.96,81.91,82.84,1369157.0,82.522,8334.0
2025-12-17 14:30:00+00:00,82.88,85.74,80.7,80.97,3844817.0,83.638,16692.0
2025-12-17 16:00:00+00:00,80.98,81.76,79.85,81.51,2268129.0,80.749,11539.0
2025-12-17 20:00:00+00:00,81.51,81.58,79.08,79.2,1224476.0,80.038,7705.0
2025-12-18 14:30:00+00:00,82.74,84.47,80.45,83.3,3006268.0,82.4,13115.0
2025-12-18 16:00:00+00:00,83.23,83.28,80.08,81.2,3148202.0,82.027,12320.0
2025-12-18 20:00:00+00:00,81.19,82.18,80.86,81.03,787025.0,81.459,4794.0
2025-12-19 14:30:00+00:00,82.44,85.77,82.43,83.41,3199831.0,84.319,13824.0
2025-12-19 16:00:00+00:00,83.42,85.38,83.11,84.9,2942039.0,84.269,13615.0
2025-12-19 20:00:00+00:00,84.92,86.3,84.48,86.21,2045361.0,85.532,11842.0
2025-12-22 14:30:00+00:00,87.74,91.2,87.0,88.53,3980204.0,89.249,18304.0
2025-12-22 16:00:00+00:00,88.58,88.97,86.55,86.97,2433654.0,87.728,11486.0
2025-12-22 20:00:00+00:00,87.0,87.35,86.43,86.97,846965.0,86.935,5025.0
2025-12-23 14:30:00+00:00,84.8,85.57,81.33,81.66,2991166.0,82.797,12513.0
2025-12-23 16:00:00+00:00,81.65,82.73,81.02,81.9,2172789.0,81.949,10369.0
2025-12-23 20:00:00+00:00,81.88,82.86,81.82,82.75,891770.0,82.386,4908.0
2025-12-24 14:30:00+00:00,82.7,83.05,79.9,81.6,2422678.0,80.925,11474.0
2025-12-24 16:00:00+00:00,81.57,82.68,80.74,82.54,1534092.0,81.652,8207.0
2025-12-26 14:30:00+00:00,82.39,82.5,79.71,81.13,1919803.0,80.57,8457.0
2025-12-26 16:00:00+00:00,81.12,81.81,80.76,81.28,1227610.0,81.311,6521.0
2025-12-26 20:00:00+00:00,81.26,81.6,81.0,81.27,697444.0,81.393,4811.0
2025-12-29 14:30:00+00:00,79.25,83.04,79.12,80.41,1966584.0,81.557,10366.0
2025-12-29 16:00:00+00:00,80.39,81.03,80.2,80.72,1747364.0,80.534,9703.0
2025-12-29 20:00:00+00:00,80.69,81.39,80.43,80.5,908683.0,80.899,5293.0
2025-12-30 14:30:00+00:00,80.18,82.89,80.08,81.63,2021760.0,81.462,9335.0
2025-12-30 16:00:00+00:00,81.62,81.87,80.04,80.13,2190034.0,80.829,10484.0
2025-12-30 20:00:00+00:00,80.12,80.2,79.65,79.94,1260577.0,79.905,7666.0
2025-12-31 14:30:00+00:00,79.96,80.39,79.36,80.15,1295044.0,79.874,6199.0
2025-12-31 16:00:00+00:00,80.16,80.27,79.38,79.43,1675192.0,79.834,8322.0
2025-12-31 20:00:00+00:00,79.44,79.48,78.77,79.37,755206.0,79.135,4037.0
2026-01-02 14:30:00+00:00,80.84,83.48,79.62,82.36,2549439.0,81.675,11810.0
2026-01-02 16:00:00+00:00,82.35,84.58,81.8,83.44,2255255.0,83.386,11367.0
2026-01-02 20:00:00+00:00,83.46,83.98,83.17,83.46,854796.0,83.584,5220.0
2026-01-05 14:30:00+00:00,84.58,88.06,84.52,86.79,3067840.0,86.534,13432.0
2026-01-05 16:00:00+00:00,86.78,86.79,84.1,85.54,2384919.0,85.409,11216.0
2026-01-05 20:00:00+00:00,85.52,85.69,84.58,84.84,816536.0,85.086,5221.0
2026-01-06 14:30:00+00:00,86.0,86.2,83.2,84.34,2024322.0,84.516,9905.0
2026-01-06 16:00:00+00:00,84.36,84.64,81.94,83.55,1935435.0,83.077,9941.0
2026-01-06 20:00:00+00:00,83.55,85.87,83.55,84.81,1186810.0,85.047,6678.0
2026-01-07 14:30:00+00:00,83.19,83.6,80.6,81.31,1917707.0,81.94,9170.0
2026-01-07 16:00:00+00:00,81.34,82.15,80.69,81.16,1506725.0,81.44,7700.0
2026-01-07 20:00:00+00:00,81.16,81.37,80.53,80.58,754060.0,80.798,5159.0
2026-01-08 14:30:00+00:00,79.9,81.5,78.85,80.91,1458263.0,80.235,6641.0
2026-01-08 16:00:00+00:00,80.89,82.72,80.81,81.77,1475921.0,81.714,8217.0
2026-01-08 20:00:00+00:00,81.74,82.04,81.16,81.8,557497.0,81.709,3690.0
2026-01-09 14:30:00+00:00,82.2,82.67,79.45,82.05,2480000.0,80.953,12008.0
2026-01-09 16:00:00+00:00,82.06,84.33,81.88,82.78,2266918.0,83.267,12640.0
2026-01-09 20:00:00+00:00,82.8,83.3,82.51,82.93,689126.0,82.943,4711.0
2026-01-12 14:30:00+00:00,81.14,82.49,79.85,81.85,1909689.0,81.093,9104.0
2026-01-12 16:00:00+00:00,81.87,83.12,81.4,82.6,1797141.0,82.102,10537.0
2026-01-12 20:00:00+00:00,82.6,82.9,82.09,82.88,687128.0,82.554,4796.0
2026-01-13 14:30:00+00:00,83.3,84.28,80.42,81.93,2059939.0,81.889,10007.0
2026-01-13 16:00:00+00:00,81.94,83.2,80.29,82.89,2064498.0,81.52,10325.0
2026-01-13 20:00:00+00:00,82.89,84.26,82.65,83.51,1248669.0,83.522,7368.0
2026-01-14 14:30:00+00:00,84.99,88.46,83.52,85.08,5485860.0,85.994,24370.0
2026-01-14 16:00:00+00:00,85.03,85.28,81.75,83.28,3804959.0,83.488,20901.0
2026-01-14 20:00:00+00:00,83.24,84.83,82.94,84.83,1084083.0,84.164,7178.0
2026-01-15 14:30:00+00:00,83.47,83.79,80.18,81.15,2833106.0,81.279,13061.0
2026-01-15 16:00:00+00:00,81.08,82.0,77.51,78.18,3566381.0,79.991,17393.0
2026-01-15 20:00:00+00:00,78.16,78.16,76.11,76.6,3720197.0,76.786,19475.0
2026-01-16 14:30:00+00:00,76.74,78.29,75.58,76.9,2959356.0,76.774,13674.0
2026-01-16 16:00:00+00:00,76.89,80.02,76.62,79.03,2674121.0,78.743,12885.0
2026-01-16 20:00:00+00:00,79.05,79.05,78.01,78.66,841010.0,78.532,4844.0
2026-01-20 14:30:00+00:00,75.7,77.47,74.84,75.67,2374135.0,75.989,10876.0
2026-01-20 16:00:00+00:00,75.57,75.87,72.81,73.25,2717413.0,74.144,13941.0
2026-01-20 20:00:00+00:00,73.22,73.23,72.62,72.71,947320.0,72.823,5640.0
2026-01-21 14:30:00+00:00,72.9,74.59,72.46,73.96,1593658.0,73.56,7568.0
2026-01-21 16:00:00+00:00,73.94,74.09,70.42,73.7,3174926.0,71.923,14858.0
2026-01-21 20:00:00+00:00,73.74,73.83,72.61,72.66,744107.0,73.092,4271.0
2026-01-22 14:30:00+00:00,73.55,73.81,71.6,72.08,1808580.0,72.373,8429.0
2026-01-22 16:00:00+00:00,72.12,72.58,71.16,71.77,2010216.0,71.842,9068.0
2026-01-22 20:00:00+00:00,71.77,71.85,70.76,71.37,925640.0,71.131,5404.0
2026-01-23 14:30:00+00:00,70.86,71.36,69.88,71.35,1702314.0,70.333,7965.0
2026-01-23 16:00:00+00:00,71.34,72.55,70.99,71.68,2073318.0,71.744,10312.0
2026-01-23 20:00:00+00:00,71.69,71.69,70.19,71.33,1254996.0,70.904,6917.0
2026-01-26 14:30:00+00:00,70.06,72.43,69.85,70.5,1823190.0,70.92,8238.0
2026-01-26 16:00:00+00:00,70.52,71.59,70.36,71.09,1262226.0,71.078,6143.0
2026-01-26 20:00:00+00:00,71.05,71.58,70.89,70.92,645668.0,71.204,4310.0
2026-01-27 14:30:00+00:00,70.38,70.5,67.5,68.06,3193159.0,68.824,15137.0
2026-01-27 16:00:00+00:00,68.03,70.48,68.03,70.03,2479308.0,69.616,12599.0
2026-01-27 20:00:00+00:00,70.0,70.54,69.46,69.95,1332929.0,69.983,6464.0
2026-01-28 14:30:00+00:00,73.0,77.0,71.91,73.09,5276260.0,74.454,24288.0
2026-01-28 16:00:00+00:00,73.13,75.83,72.12,73.69,3851390.0,73.535,21150.0
2026-01-28 20:00:00+00:00,73.69,75.09,72.75,72.82,1754464.0,73.772,10865.0
2026-01-29 14:30:00+00:00,70.31,70.6,65.82,66.14,5206072.0,67.845,24341.0
2026-01-29 16:00:00+00:00,66.13,68.27,65.75,66.32,5270115.0,66.824,25766.0
2026-01-29 20:00:00+00:00,66.32,67.86,66.1,67.59,1272165.0,66.968,8280.0
2026-01-30 14:30:00+00:00,66.6,66.91,64.62,64.7,2421770.0,65.661,10648.0
2026-01-30 16:00:00+00:00,64.66,65.0,61.88,63.52,6495916.0,63.408,31490.0
2026-01-30 20:00:00+00:00,63.52,64.62,62.85,63.92,1425238.0,63.527,7971.0
2026-02-02 14:30:00+00:00,61.5,61.87,59.56,60.79,4293034.0,60.611,21535.0
2026-02-02 16:00:00+00:00,60.78,61.59,59.1,59.13,3182686.0,60.463,16080.0
2026-02-02 20:00:00+00:00,59.15,59.48,58.41,58.91,2101414.0,58.92,12823.0
2026-02-03 14:30:00+00:00,60.17,60.17,55.84,55.87,3648742.0,57.066,17735.0
2026-02-03 16:00:00+00:00,55.89,55.91,53.76,54.98,6805697.0,54.782,34868.0
2026-02-03 20:00:00+00:00,54.98,56.32,54.82,56.19,1356324.0,55.744,8664.0
2026-02-04 14:30:00+00:00,56.19,56.29,53.53,55.77,3576330.0,54.992,17244.0
2026-02-04 16:00:00+00:00,55.71,55.77,51.52,54.93,5164692.0,52.999,27868.0
2026-02-04 20:00:00+00:00,54.94,55.08,54.14,55.08,1535069.0,54.685,9423.0
2026-02-05 14:30:00+00:00,53.63,54.48,51.07,51.74,3557467.0,52.318,16385.0
2026-02-05 16:00:00+00:00,51.8,53.03,50.73,50.93,3647089.0,51.782,21642.0
2026-02-05 20:00:00+00:00,50.92,51.19,49.9,50.24,2683708.0,50.414,14708.0
2026-02-06 14:30:00+00:00,53.8,56.73,53.62,55.98,5450908.0,55.55,24216.0
2026-02-06 16:00:00+00:00,55.98,57.57,55.7,57.19,3956577.0,56.521,20694.0
2026-02-06 20:00:00+00:00,57.16,57.8,56.9,57.04,1810161.0,57.349,9926.0
2026-02-09 14:30:00+00:00,56.33,59.45,55.76,59.09,3181780.0,58.126,15739.0
2026-02-09 16:00:00+00:00,59.09,60.88,58.27,60.63,2698916.0,59.757,13827.0
2026-02-09 20:00:00+00:00,60.62,60.83,60.01,60.12,1008494.0,60.343,6355.0
2026-02-10 14:30:00+00:00,58.54,61.97,58.3,61.66,2313059.0,60.324,11861.0
2026-02-10 16:00:00+00:00,61.7,62.0,60.31,61.07,1746947.0,61.316,9760.0
2026-02-10 20:00:00+00:00,61.07,61.23,59.74,59.76,907047.0,60.299,5784.0
2026-02-11 14:30:00+00:00,59.11,59.17,56.7,56.85,2126688.0,57.767,10546.0
2026-02-11 16:00:00+00:00,56.9,57.76,55.89,57.55,2277073.0,56.757,12510.0
2026-02-11 20:00:00+00:00,57.55,58.01,56.92,57.83,1044355.0,57.593,6579.0
2026-02-12 14:30:00+00:00,58.85,58.85,56.16,56.25,1787813.0,57.639,9207.0
2026-02-12 16:00:00+00:00,56.25,57.68,55.31,57.03,2713121.0,56.326,15650.0
2026-02-12 20:00:00+00:00,57.06,57.37,56.6,56.66,791520.0,56.889,5227.0
2026-02-13 14:30:00+00:00,58.44,62.2,57.23,59.84,4357128.0,59.705,22862.0
2026-02-13 16:00:00+00:00,59.89,61.04,59.36,60.07,2702844.0,60.202,15928.0
2026-02-13 20:00:00+00:00,60.09,60.46,59.75,60.0,1142259.0,60.09,7577.0
2026-02-17 14:30:00+00:00,59.27,60.09,57.02,59.36,1832872.0,58.159,9865.0
2026-02-17 16:00:00+00:00,59.37,62.9,59.24,62.44,3193268.0,61.523,17900.0
2026-02-17 20:00:00+00:00,62.43,62.61,61.54,61.64,1163141.0,61.864,6997.0
2026-02-18 14:30:00+00:00,62.37,64.7,61.2,64.33,2258466.0,63.375,13135.0
2026-02-18 16:00:00+00:00,64.32,64.34,62.54,62.7,2174976.0,63.538,13515.0
2026-02-18 20:00:00+00:00,62.69,63.57,62.3,63.18,812874.0,63.071,5943.0
2026-02-19 14:30:00+00:00,62.27,62.85,60.77,60.94,1607338.0,61.574,7982.0
2026-02-19 16:00:00+00:00,60.94,61.17,59.8,60.95,1758813.0,60.578,9246.0
2026-02-19 20:00:00+00:00,60.95,62.38,60.94,61.91,781276.0,61.836,4949.0
2026-02-20 14:30:00+00:00,62.25,65.38,61.5,65.15,3047322.0,63.747,14496.0
2026-02-20 16:00:00+00:00,65.19,65.5,62.45,62.48,2592751.0,63.884,14448.0
2026-02-20 20:00:00+00:00,62.47,63.34,62.37,63.04,836076.0,62.977,5397.0
2026-02-23 14:30:00+00:00,62.1,63.13,60.9,61.16,2324125.0,61.796,12111.0
2026-02-23 16:00:00+00:00,61.16,61.8,59.83,60.31,2445702.0,60.571,15650.0
2026-02-23 20:00:00+00:00,60.3,61.21,59.95,61.21,1105763.0,60.633,7280.0
2026-02-24 14:30:00+00:00,60.39,62.44,59.46,61.58,2030616.0,61.263,11219.0
2026-02-24 16:00:00+00:00,61.62,62.95,60.94,61.72,1745438.0,61.814,9649.0
2026-02-24 20:00:00+00:00,61.73,62.05,61.1,61.39,1535198.0,61.531,9860.0
2026-02-25 14:30:00+00:00,73.77,76.05,71.19,73.99,14366477.0,73.655,62060.0
2026-02-25 16:00:00+00:00,74.09,82.32,73.64,82.02,19078915.0,78.842,82360.0
2026-02-25 20:00:00+00:00,82.02,83.35,81.35,83.16,6032488.0,82.3,30654.0
2026-02-26 14:30:00+00:00,81.56,90.0,81.23,89.16,16176901.0,87.572,68214.0
2026-02-26 16:00:00+00:00,89.14,90.6,84.31,86.17,12662750.0,87.85,56919.0
2026-02-26 20:00:00+00:00,86.2,87.3,85.66,87.26,1964070.0,86.789,12150.0
2026-02-27 14:30:00+00:00,83.62,84.98,81.51,83.78,5501480.0,83.265,28776.0
2026-02-27 16:00:00+00:00,83.78,84.98,80.97,81.66,5261527.0,82.954,28274.0
2026-02-27 20:00:00+00:00,81.63,83.74,81.63,83.48,1914212.0,83.079,11515.0
2026-03-02 14:30:00+00:00,80.8,95.31,80.23,93.53,12560046.0,91.254,58530.0
2026-03-02 16:00:00+00:00,93.57,95.8,92.63,95.69,7549721.0,94.324,36519.0
2026-03-02 20:00:00+00:00,95.69,96.61,94.85,96.17,3144394.0,95.961,17376.0
2026-03-03 14:30:00+00:00,91.5,97.04,91.13,96.75,7816800.0,93.727,35639.0
2026-03-03 16:00:00+00:00,96.68,104.3,96.34,102.35,12509752.0,101.101,58076.0
2026-03-03 20:00:00+00:00,102.39,103.0,99.16,99.65,2310420.0,100.91,12833.0
2026-03-04 14:30:00+00:00,102.8,106.35,101.4,103.65,8473089.0,104.214,40932.0
2026-03-04 16:00:00+00:00,103.65,104.92,101.52,104.45,5243321.0,103.38,26501.0
2026-03-04 20:00:00+00:00,104.45,105.28,103.54,105.19,1768393.0,104.648,10622.0
2026-03-05 14:30:00+00:00,105.27,110.12,105.27,108.36,6745772.0,108.414,32209.0
2026-03-05 16:00:00+00:00,108.31,108.83,103.51,103.93,6109844.0,105.972,32625.0
2026-03-05 20:00:00+00:00,103.93,106.32,103.3,105.69,1754726.0,105.228,10492.0
2026-03-06 14:30:00+00:00,102.82,106.29,102.0,103.39,4367069.0,103.566,22262.0
2026-03-06 16:00:00+00:00,103.32,103.71,100.44,102.12,4662771.0,101.888,24115.0
2026-03-06 20:00:00+00:00,102.2,102.48,100.07,101.86,1556870.0,101.568,9043.0
2026-03-09 13:30:00+00:00,105.21,112.66,104.89,110.13,8418915.0,110.193,38696.0
2026-03-09 16:00:00+00:00,110.13,112.4,108.21,111.93,4817860.0,110.576,25712.0
2026-03-10 13:30:00+00:00,113.59,119.2,112.8,118.72,7363754.0,115.863,35044.0
2026-03-10 16:00:00+00:00,118.73,121.8,116.93,118.21,8722813.0,119.318,44290.0
2026-03-11 13:30:00+00:00,119.8,123.4,111.72,114.57,8240149.0,117.004,34939.0
2026-03-11 16:00:00+00:00,114.52,117.13,112.43,112.73,4296182.0,114.485,20796.0
2026-03-12 13:30:00+00:00,113.05,117.78,112.15,115.5,4957444.0,114.719,20420.0
2026-03-12 16:00:00+00:00,115.46,115.6,112.5,114.13,3028723.0,114.001,15064.0
2026-03-13 13:30:00+00:00,118.34,119.3,114.78,115.45,4584964.0,117.355,20756.0
2026-03-13 16:00:00+00:00,115.49,116.18,113.16,115.4,2611453.0,114.507,13314.0
2026-03-16 13:30:00+00:00,120.15,125.75,119.77,122.62,7558135.0,123.504,37499.0
2026-03-16 16:00:00+00:00,122.67,126.5,122.47,125.84,4281739.0,125.101,24089.0
2026-03-17 13:30:00+00:00,124.01,129.1,122.74,127.77,5291631.0,126.57,26635.0
2026-03-17 16:00:00+00:00,127.75,136.65,127.71,132.22,9890105.0,133.571,47637.0
2026-03-18 13:30:00+00:00,131.49,134.08,128.0,131.85,5028897.0,131.438,23406.0
2026-03-18 16:00:00+00:00,131.79,135.49,131.35,132.86,4502868.0,133.353,23742.0
2026-03-19 13:30:00+00:00,126.33,129.74,121.41,124.5,7191332.0,125.884,34198.0
2026-03-19 16:00:00+00:00,124.44,129.38,121.7,128.27,5342872.0,125.323,26908.0
2026-03-20 13:30:00+00:00,128.39,132.38,125.2,129.37,5638601.0,128.536,25021.0
2026-03-20 16:00:00+00:00,129.37,130.38,122.91,126.0,5627033.0,125.291,29538.0
2026-03-23 13:30:00+00:00,124.01,127.48,121.32,121.36,5295784.0,125.055,24086.0
2026-03-23 16:00:00+00:00,121.5,126.78,121.42,126.73,3815302.0,124.305,19102.0
2026-03-24 13:30:00+00:00,126.35,127.08,102.3,102.76,23177974.0,108.44,104219.0
2026-03-24 16:00:00+00:00,102.79,104.99,98.31,101.23,16821275.0,101.6,82323.0
2026-03-25 13:30:00+00:00,106.75,110.25,101.89,103.13,9645434.0,106.127,41442.0
2026-03-25 16:00:00+00:00,103.17,105.8,101.6,103.9,4629872.0,103.369,23531.0
2026-03-26 13:30:00+00:00,101.92,103.55,98.19,100.48,6125484.0,100.638,30012.0
2026-03-26 16:00:00+00:00,100.5,100.98,97.31,98.26,3913280.0,98.402,20326.0
2026-03-27 13:30:00+00:00,97.13,97.78,91.31,93.2,5219895.0,93.737,26215.0
2026-03-27 16:00:00+00:00,93.19,93.88,90.85,93.67,4099434.0,92.493,24064.0
2026-03-30 13:30:00+00:00,96.26,96.5,90.55,92.7,3756237.0,92.643,17880.0
2026-03-30 16:00:00+00:00,92.77,93.01,88.26,89.83,3123728.0,89.839,17505.0
2026-03-31 13:30:00+00:00,91.25,93.8,89.4,91.4,3667156.0,91.58,18097.0
2026-03-31 16:00:00+00:00,91.38,97.8,91.38,95.41,4950743.0,95.388,28119.0
2026-04-01 13:30:00+00:00,98.42,99.46,92.21,94.09,5091372.0,94.627,22245.0
2026-04-01 16:00:00+00:00,94.16,94.35,90.26,90.69,2882314.0,91.841,15493.0
2026-04-02 13:30:00+00:00,87.45,90.18,84.27,88.94,5822549.0,86.798,27723.0
2026-04-02 16:00:00+00:00,88.91,90.39,88.24,90.24,2572493.0,89.308,14133.0
2026-04-06 13:30:00+00:00,93.09,94.7,91.39,92.76,2779358.0,92.858,12756.0
2026-04-06 16:00:00+00:00,92.75,93.33,91.02,92.14,1697141.0,92.327,9962.0
2026-04-07 13:30:00+00:00,90.97,91.92,88.0,91.86,2302644.0,89.475,9558.0
2026-04-07 16:00:00+00:00,91.94,95.28,91.79,94.17,2686836.0,93.916,14242.0
2026-04-08 13:30:00+00:00,101.29,101.82,94.44,95.61,4274465.0,97.019,20427.0
2026-04-08 16:00:00+00:00,95.65,96.9,93.0,94.34,2297036.0,94.968,11446.0
2026-04-09 13:30:00+00:00,93.06,93.95,87.41,91.55,4665174.0,89.817,23343.0
2026-04-09 16:00:00+00:00,91.58,92.18,84.6,85.09,5173750.0,87.033,28393.0
2026-04-10 13:30:00+00:00,88.05,90.33,84.91,87.83,3569129.0,87.695,16401.0
2026-04-10 16:00:00+00:00,87.86,89.55,87.28,88.02,2082339.0,88.448,12393.0
2026-04-13 13:30:00+00:00,86.34,96.98,86.27,95.54,5272263.0,93.832,25519.0
2026-04-13 16:00:00+00:00,95.54,98.6,95.21,98.56,3465869.0,96.824,19607.0
2026-04-14 13:30:00+00:00,102.26,110.51,101.41,106.8,8169154.0,106.763,39176.0
2026-04-14 16:00:00+00:00,106.8,106.94,103.96,105.47,3224333.0,105.341,17858.0
2026-04-15 13:30:00+00:00,107.58,108.7,102.93,104.64,3827049.0,105.581,18471.0
2026-04-15 16:00:00+00:00,104.67,106.79,103.35,105.49,2390288.0,105.244,12568.0
2026-04-16 13:30:00+00:00,107.0,108.04,101.7,105.78,3228460.0,103.85,14205.0
2026-04-16 16:00:00+00:00,105.8,107.74,103.95,107.45,2205078.0,106.03,11155.0
2026-04-17 13:30:00+00:00,110.37,111.2,102.7,104.21,6454130.0,106.528,28839.0
2026-04-17 16:00:00+00:00,104.28,105.91,103.42,105.91,3031830.0,104.744,15910.0
2026-04-20 13:30:00+00:00,102.48,103.3,98.5,102.06,4369233.0,100.857,20570.0
2026-04-20 16:00:00+00:00,102.0,106.5,100.55,106.27,2333705.0,103.78,12965.0
2026-04-21 13:30:00+00:00,104.73,105.1,99.52,100.21,3179891.0,101.91,14371.0
2026-04-21 16:00:00+00:00,100.25,100.88,95.79,95.99,4376548.0,98.268,20899.0
2026-04-22 13:30:00+00:00,99.95,105.79,99.37,104.51,5004511.0,103.871,23643.0
2026-04-22 16:00:00+00:00,104.56,104.97,101.94,104.36,3617242.0,103.258,17205.0
2026-04-23 13:30:00+00:00,101.22,103.65,99.36,102.12,2291531.0,101.321,10961.0
2026-04-23 16:00:00+00:00,102.21,102.29,97.9,100.02,2033311.0,99.888,10147.0
2026-04-24 13:30:00+00:00,102.27,103.0,97.56,99.49,2115984.0,99.282,10693.0
2026-04-24 16:00:00+00:00,99.45,100.05,97.78,99.64,1816516.0,99.138,10540.0
2026-04-27 13:30:00+00:00,98.56,98.8,95.3,96.44,2812209.0,97.128,14773.0
2026-04-27 16:00:00+00:00,96.48,96.58,94.29,95.48,2942180.0,95.345,17069.0
2026-04-28 13:30:00+00:00,92.5,94.91,92.26,94.15,2026070.0,93.673,9563.0
2026-04-28 16:00:00+00:00,94.15,95.39,93.26,94.35,1377819.0,94.493,8368.0
2026-04-29 13:30:00+00:00,93.55,93.73,90.19,91.9,1940025.0,91.52,9281.0
2026-04-29 16:00:00+00:00,91.84,96.27,91.32,95.59,3674194.0,93.87,20007.0
2026-04-30 13:30:00+00:00,95.29,95.29,91.21,92.75,2571822.0,92.495,12163.0
2026-04-30 16:00:00+00:00,92.73,92.81,89.91,90.85,2970019.0,91.135,15889.0
2026-05-01 13:30:00+00:00,92.77,98.75,92.21,97.7,3267644.0,95.844,15542.0
2026-05-01 16:00:00+00:00,97.64,100.01,97.25,99.89,2540569.0,98.851,14492.0
2026-05-04 13:30:00+00:00,107.13,117.54,106.9,115.7,11645812.0,112.903,50917.0
2026-05-04 16:00:00+00:00,115.71,119.99,114.9,119.59,9399857.0,118.31,50484.0
2026-05-05 13:30:00+00:00,121.4,121.4,113.5,117.12,8572317.0,117.183,38723.0
2026-05-05 16:00:00+00:00,117.15,117.36,112.45,114.08,4724575.0,114.581,22977.0
2026-05-06 13:30:00+00:00,115.0,119.59,113.2,118.66,4934835.0,116.669,22916.0
2026-05-06 16:00:00+00:00,118.64,122.86,118.36,121.81,5106805.0,120.568,25230.0
2026-05-07 13:30:00+00:00,118.31,120.48,112.33,112.57,4996098.0,116.117,23078.0
2026-05-07 16:00:00+00:00,112.6,113.8,109.6,113.25,4772408.0,111.694,24907.0
2026-05-08 13:30:00+00:00,114.26,115.0,108.91,111.97,4101002.0,112.121,19286.0
2026-05-08 16:00:00+00:00,111.89,113.63,110.18,113.07,3639436.0,112.301,21778.0
2026-05-11 13:30:00+00:00,118.85,129.76,105.36,126.9,14289772.0,118.371,63789.0
2026-05-11 16:00:00+00:00,126.81,134.8,125.3,131.68,12016750.0,130.88,59020.0
2026-05-12 13:30:00+00:00,129.99,140.0,122.2,124.25,11088815.0,129.465,48693.0
2026-05-12 16:00:00+00:00,124.22,125.79,120.5,123.67,5064631.0,123.433,25150.0
2026-05-13 13:30:00+00:00,125.73,128.8,118.2,123.67,6018812.0,124.18,28527.0
2026-05-13 16:00:00+00:00,123.65,130.73,123.5,126.54,5274427.0,128.047,27677.0
2026-05-14 13:30:00+00:00,123.6,124.04,118.36,122.1,5575631.0,120.964,27839.0
2026-05-14 16:00:00+00:00,122.1,132.44,120.3,123.82,10154365.0,126.286,49348.0
2026-05-15 13:30:00+00:00,117.47,117.5,111.39,112.61,6668191.0,113.415,34738.0
2026-05-15 16:00:00+00:00,112.61,118.26,111.43,113.88,4773510.0,114.946,26727.0
2026-05-18 13:30:00+00:00,112.01,114.78,107.56,108.82,4797977.0,110.774,22190.0
2026-05-18 16:00:00+00:00,108.85,111.6,107.21,111.46,3007287.0,109.261,15658.0
2026-05-19 13:30:00+00:00,109.2,113.98,108.67,112.67,3384548.0,111.57,17158.0
2026-05-19 16:00:00+00:00,112.78,115.36,111.0,111.0,2313059.0,113.088,12442.0
2026-05-20 13:30:00+00:00,111.37,112.98,109.06,112.38,2646066.0,111.035,12584.0
2026-05-20 16:00:00+00:00,112.46,113.48,111.04,111.55,1627932.0,112.199,9256.0
2026-05-21 13:30:00+00:00,111.03,115.86,110.43,113.29,3422665.0,113.44,16619.0
2026-05-21 16:00:00+00:00,113.28,117.94,113.2,114.99,3559304.0,115.98,17276.0
2026-05-22 13:30:00+00:00,116.12,118.85,112.2,115.08,3288574.0,115.121,14350.0
2026-05-22 16:00:00+00:00,115.05,118.78,112.97,113.1,2791021.0,115.93,14127.0
2026-05-26 13:30:00+00:00,112.24,113.04,105.67,106.23,5894368.0,108.449,25869.0
2026-05-26 16:00:00+00:00,106.25,108.18,104.14,104.16,3540526.0,105.617,17973.0
2026-05-27 13:30:00+00:00,103.0,106.6,102.8,104.48,2801128.0,104.85,14385.0
2026-05-27 16:00:00+00:00,104.43,104.85,102.33,102.68,1935001.0,103.49,11197.0
2026-05-28 13:30:00+00:00,101.47,106.7,97.69,106.25,4274248.0,102.306,20042.0
2026-05-28 16:00:00+00:00,106.24,108.38,104.56,108.31,2636348.0,106.536,14419.0
2026-05-29 13:30:00+00:00,108.03,114.44,106.75,113.83,4474459.0,110.582,21234.0
2026-05-29 16:00:00+00:00,113.87,114.02,108.69,113.07,4302844.0,111.44,24895.0
2026-06-01 13:30:00+00:00,108.72,109.5,104.26,108.39,4915910.0,106.422,22808.0
2026-06-01 16:00:00+00:00,108.39,109.0,104.81,104.85,3267391.0,106.497,18226.0
2026-06-02 13:30:00+00:00,101.88,102.6,98.55,99.53,4842252.0,100.012,22625.0
2026-06-02 16:00:00+00:00,99.57,103.77,98.74,100.8,4059246.0,101.323,21035.0
2026-06-03 13:30:00+00:00,99.17,99.18,92.88,93.4,4628232.0,95.387,20709.0
2026-06-03 16:00:00+00:00,93.32,93.45,90.22,90.35,4107171.0,91.651,22048.0
2026-06-04 13:30:00+00:00,90.89,95.18,89.2,91.93,4601487.0,92.768,22007.0
2026-06-04 16:00:00+00:00,91.92,92.15,90.0,90.55,3097206.0,91.015,18473.0
2026-06-05 13:30:00+00:00,88.05,88.11,81.6,81.86,8576599.0,84.06,37097.0
2026-06-05 16:00:00+00:00,81.87,82.55,78.41,80.26,7692490.0,80.415,41814.0
2026-06-08 13:30:00+00:00,84.01,84.01,81.4,82.3,3897086.0,82.606,17857.0
2026-06-08 16:00:00+00:00,82.3,84.13,81.78,82.55,2935772.0,82.877,17060.0
2026-06-09 13:30:00+00:00,81.16,87.38,79.08,79.17,5036250.0,83.417,24047.0
2026-06-09 16:00:00+00:00,79.19,82.03,77.87,81.08,3732406.0,80.194,21405.0
2026-06-10 13:30:00+00:00,78.93,84.3,78.6,82.49,2836074.0,82.243,13044.0
2026-06-10 16:00:00+00:00,82.51,82.51,78.77,78.9,2114364.0,80.127,12998.0
2026-06-11 13:30:00+00:00,79.5,83.63,78.61,81.61,2772893.0,81.475,14312.0
2026-06-11 16:00:00+00:00,81.65,83.91,80.56,82.67,2444891.0,82.571,14548.0
2026-06-12 13:30:00+00:00,82.01,82.05,77.61,77.79,4363558.0,79.892,20188.0
2026-06-12 16:00:00+00:00,77.83,79.88,77.62,77.8,3846275.0,78.602,21606.0
2026-06-15 13:30:00+00:00,82.89,87.3,82.41,85.95,5882147.0,85.331,30235.0
2026-06-15 16:00:00+00:00,85.99,86.34,82.9,83.41,3218389.0,84.432,18185.0
2026-06-16 13:30:00+00:00,82.53,82.92,78.71,81.12,3687067.0,80.831,16540.0
2026-06-16 16:00:00+00:00,81.09,81.83,79.37,79.75,2132923.0,80.662,13495.0
2026-06-17 13:30:00+00:00,79.1,83.24,78.5,82.69,2343580.0,81.193,10582.0
2026-06-17 16:00:00+00:00,82.7,85.24,80.58,80.66,4190322.0,82.811,24523.0
2026-06-18 13:30:00+00:00,80.76,81.41,78.04,78.72,3332854.0,79.482,15529.0
2026-06-18 16:00:00+00:00,78.66,80.84,76.84,80.18,4553853.0,78.599,25104.0
2026-06-22 13:30:00+00:00,81.25,84.86,80.27,80.72,3238088.0,82.219,15872.0
2026-06-22 16:00:00+00:00,80.76,81.43,78.97,79.83,2282277.0,79.907,13232.0
2026-06-23 13:30:00+00:00,76.11,78.22,74.7,76.25,2823569.0,76.326,13735.0
2026-06-23 16:00:00+00:00,76.26,77.0,75.04,75.66,1724316.0,75.868,9232.0
2026-06-24 13:30:00+00:00,75.6,75.6,71.86,72.95,2754857.0,73.217,14222.0
2026-06-24 16:00:00+00:00,72.93,73.1,70.07,70.93,3856403.0,71.198,21646.0
2026-06-25 13:30:00+00:00,71.3,71.57,67.51,69.68,3170334.0,69.545,15744.0
2026-06-25 16:00:00+00:00,69.69,70.8,67.69,68.84,3150192.0,68.722,19004.0
2026-06-26 13:30:00+00:00,67.92,73.89,67.36,73.17,4106282.0,72.019,20591.0
2026-06-26 16:00:00+00:00,73.29,74.45,72.6,73.53,2863423.0,73.554,17094.0
2026-06-29 13:30:00+00:00,75.1,75.9,72.39,73.79,2595361.0,73.764,12437.0
2026-06-29 16:00:00+00:00,73.82,76.15,73.19,75.98,2414012.0,75.074,13857.0
2026-06-30 13:30:00+00:00,72.25,73.2,64.8,65.58,12491370.0,67.691,56409.0
2026-06-30 16:00:00+00:00,65.56,66.19,62.52,62.65,13296563.0,63.818,62605.0
2026-07-01 13:30:00+00:00,63.71,66.15,61.77,65.93,9341212.0,64.545,43908.0
2026-07-01 16:00:00+00:00,65.88,66.25,62.01,62.03,6615457.0,63.921,36734.0
2026-07-02 13:30:00+00:00,63.81,69.25,63.66,65.92,7962639.0,66.999,35973.0
2026-07-02 16:00:00+00:00,65.96,66.17,63.95,64.64,3212925.0,64.893,19542.0
2026-07-06 13:30:00+00:00,64.56,69.6,62.95,69.04,4258492.0,66.578,19238.0
2026-07-06 16:00:00+00:00,69.08,69.98,68.02,68.65,3464629.0,69.005,19817.0
2026-07-07 13:30:00+00:00,67.75,69.05,64.67,66.57,2837118.0,66.638,13024.0
2026-07-07 16:00:00+00:00,66.53,67.42,64.57,65.14,2205558.0,65.765,12550.0
2026-07-08 13:30:00+00:00,64.19,64.39,61.87,62.81,3093369.0,62.89,14237.0
2026-07-08 16:00:00+00:00,62.81,64.48,62.59,64.07,2005743.0,63.567,12098.0
2026-07-09 13:30:00+00:00,62.95,64.58,61.66,64.41,3099764.0,62.989,15426.0
2026-07-09 16:00:00+00:00,64.41,64.8,62.69,63.0,2702645.0,63.525,16179.0
2026-07-10 13:30:00+00:00,70.66,72.86,66.01,66.69,15278613.0,68.506,61704.0
2026-07-10 16:00:00+00:00,66.69,67.49,65.07,66.19,6927604.0,66.164,31496.0
2026-07-13 13:30:00+00:00,64.42,66.1,62.72,63.67,4856924.0,64.22,22521.0
2026-07-13 16:00:00+00:00,63.64,63.89,62.36,62.98,2837751.0,62.91,15496.0
2026-07-14 13:30:00+00:00,61.65,63.49,59.29,62.75,6521687.0,61.239,29404.0
2026-07-14 16:00:00+00:00,62.74,63.46,62.07,63.21,3488998.0,62.852,19219.0
2026-07-15 13:30:00+00:00,64.46,66.85,63.85,64.37,4441864.0,65.504,19742.0
2026-07-15 16:00:00+00:00,64.35,66.12,63.25,65.69,3943002.0,64.97,22863.0
2026-07-16 13:30:00+00:00,64.43,64.9,61.77,62.38,2998057.0,62.644,13731.0
2026-07-16 16:00:00+00:00,62.39,62.75,60.36,60.64,2679512.0,61.444,14114.0
2026-07-17 13:30:00+00:00,59.18,60.61,58.68,60.1,2460008.0,59.725,10895.0
2026-07-17 16:00:00+00:00,60.11,62.4,60.11,60.53,2667735.0,61.139,13840.0
2026-07-20 13:30:00+00:00,60.95,65.25,60.87,65.12,3206196.0,63.226,15613.0
2026-07-20 16:00:00+00:00,65.12,66.98,64.41,65.48,4576230.0,65.584,24224.0
2026-07-21 13:30:00+00:00,68.65,72.68,68.64,71.3,7295000.0,70.531,33185.0
2026-07-21 16:00:00+00:00,71.28,71.93,69.63,71.09,4156571.0,70.787,24319.0
2026-07-22 13:30:00+00:00,67.95,70.23,67.44,68.02,3071098.0,68.638,12684.0
2026-07-22 16:00:00+00:00,68.01,68.54,65.35,66.2,3247304.0,66.491,17660.0
2026-07-23 13:30:00+00:00,65.0,65.41,61.49,62.09,3548359.0,63.099,17737.0
2026-07-23 16:00:00+00:00,62.12,63.74,61.36,62.17,2921647.0,62.545,17127.0
2026-07-24 13:30:00+00:00,61.62,63.0,59.96,62.75,3395799.0,61.238,15773.0
2026-07-24 16:00:00+00:00,62.75,63.18,61.96,62.41,2188335.0,62.484,12826.0
2026-07-27 13:30:00+00:00,63.63,66.24,62.66,62.78,3277534.0,64.493,13984.0
2026-07-27 16:00:00+00:00,62.77,65.65,62.61,65.65,2165734.0,64.466,11073.0
2026-07-28 13:30:00+00:00,62.03,65.46,61.23,64.92,2588427.0,63.215,11313.0
2026-07-28 16:00:00+00:00,64.9,65.88,63.33,64.25,2462012.0,64.312,13978.0
2026-07-29 13:30:00+00:00,63.16,64.47,62.17,62.56,1696326.0,63.121,8832.0
2026-07-29 16:00:00+00:00,62.56,64.12,60.55,61.31,2879459.0,62.201,16496.0
2026-07-30 13:30:00+00:00,61.48,63.02,61.0,62.59,2407733.0,61.996,10547.0
2026-07-30 16:00:00+00:00,62.52,64.64,62.48,64.26,2440328.0,63.636,14366.0
2026-07-31 13:30:00+00:00,62.72,63.51,58.66,59.65,5372874.0,60.277,23468.0
2026-07-31 16:00:00+00:00,59.63,62.94,59.56,62.59,3427242.0,61.68,18310.0
2026-08-03 13:30:00+00:00,58.77,60.27,57.84,59.59,5965710.0,59.016,28562.0
2026-08-03 16:00:00+00:00,59.61,61.38,59.6,60.28,3783981.0,60.518,21586.0
2026-08-04 13:30:00+00:00,60.28,63.53,60.07,63.22,3511103.0,62.186,17015.0
2026-08-04 13:30:00-04:00,63.540000915527344,64.36499786376953,62.94599914550781,63.369998931884766,4195638.0,,
2026-08-04 16:00:00+00:00,63.23,64.37,62.63,63.33,3983687.0,63.603,23307.0
2026-08-05 09:30:00-04:00,61.959999084472656,63.34989929199219,59.119998931884766,63.27980041503906,14942842.0,,
2026-08-05 13:30:00-04:00,63.279998779296875,64.19999694824219,62.880001068115234,63.36000061035156,3935000.0,,
