filing_date,transaction_date,insider_name,title,code,shares,price,value,shares_after,accession
2025-06-09,2025-06-05,Chandhok Nikhil,Chief Product & Tech. Officer,F,457816.0,31.0,14192296.0,905580.0,0000950103-25-007165
2025-06-09,2025-06-05,Fox-Geen Jeremy,Chief Financial Officer,F,44605.0,31.0,1382755.0,360371.0,0000950103-25-007163
2025-06-09,2025-06-05,Fox-Geen Jeremy,Chief Financial Officer,M,160000.0,10.11,1617600.0,520371.0,0000950103-25-007163
2025-06-09,2025-06-05,Schulz Tamara L,Chief Accounting Officer,F,10691.0,31.0,331421.0,96091.0,0000950103-25-007162
2025-06-09,2025-06-05,Allaire Jeremy,Chairman and CEO,F,121942.0,31.0,3780202.0,18594699.0,0000950103-25-007161
2025-06-09,2025-06-05,Tarbert Heath,President and CLO,F,118825.0,31.0,3683575.0,720936.0,0000950103-25-007159
2025-06-09,2025-06-06,"General Catalyst Group VI, L.P.",,J,23383800.0,,,23671493.0,0000950170-25-083926
2025-06-09,2025-06-06,"General Catalyst Group VI, L.P.",,S,3550724.0,29.3,104036213.2,20120769.0,0000950170-25-083926
2025-06-09,2025-06-06,Chandhok Nikhil,Chief Product & Tech. Officer,S,300000.0,29.3,8790000.0,605580.0,0000950103-25-007165
2025-06-09,2025-06-06,Date Rajeev V,董事,J,336860.0,,,336860.0,0000950103-25-007164
2025-06-09,2025-06-06,Date Rajeev V,董事,J,263317.0,,,263317.0,0000950103-25-007164
2025-06-09,2025-06-06,Date Rajeev V,董事,S,50000.0,29.3,1465000.0,238513.0,0000950103-25-007164
2025-06-09,2025-06-06,Fox-Geen Jeremy,Chief Financial Officer,S,200000.0,29.3,5860000.0,320371.0,0000950103-25-007163
2025-06-09,2025-06-06,Allaire Jeremy,Chairman and CEO,D,18594699.0,,,0.0,0000950103-25-007161
2025-06-09,2025-06-06,Allaire Jeremy,Chairman and CEO,D,335684.0,,,0.0,0000950103-25-007161
2025-06-09,2025-06-06,Allaire Jeremy,Chairman and CEO,S,1582160.0,29.3,46357288.0,0.0,0000950103-25-007161
2025-06-09,2025-06-06,Neville Patrick Sean,董事,D,3626730.0,,,0.0,0000950103-25-007160
2025-06-09,2025-06-06,Neville Patrick Sean,董事,D,167842.0,,,0.0,0000950103-25-007160
2025-06-09,2025-06-06,Neville Patrick Sean,董事,S,1000000.0,29.3,29300000.0,0.0,0000950103-25-007160
2025-06-09,2025-06-06,Tarbert Heath,President and CLO,S,80000.0,29.3,2344000.0,640936.0,0000950103-25-007159
2025-06-09,2025-06-06,Ostling Danita K,董事,S,3027.0,29.3,88691.1,30242.0,0000950103-25-007158
2025-06-09,2025-06-06,BURNS M MICHELE,董事,J,180909.0,,,478488.0,0000950103-25-007157
2025-06-09,2025-06-06,BURNS M MICHELE,董事,S,133312.0,29.3,3906041.6,345176.0,0000950103-25-007157
2025-06-10,2025-06-06,Chuang Xi Capital Ltd,,J,6908404.0,,,6908404.0,0000929638-25-002210
2025-06-10,2025-06-06,Chuang Xi Capital Ltd,,J,1690306.0,,,8598710.0,0000929638-25-002210
2025-06-10,2025-06-06,Chuang Xi Capital Ltd,,J,9548476.0,,,10979473.0,0000929638-25-002210
2025-06-10,2025-06-06,Chuang Xi Capital Ltd,,J,3696857.0,,,14676330.0,0000929638-25-002210
2025-06-10,2025-06-06,Chuang Xi Capital Ltd,,S,859871.0,29.295,25189920.945,7738839.0,0000929638-25-002210
2025-06-10,2025-06-06,Chuang Xi Capital Ltd,,S,1467633.0,29.295,42994308.735,13208697.0,0000929638-25-002210
2025-07-03,2025-07-01,Chandhok Nikhil,Chief Product & Tech. Officer,F,12389.0,181.29,2246001.81,593191.0,0001628280-25-034287
2025-07-03,2025-07-01,Fox-Geen Jeremy,Chief Financial Officer,F,2052.0,181.29,372007.07999999996,318319.0,0001628280-25-034283
2025-07-03,2025-07-01,Schulz Tamara L,Chief Accounting Officer,F,823.0,181.29,149201.66999999998,95268.0,0001628280-25-034277
2025-07-03,2025-07-01,Tarbert Heath,President and CLO,M,7970.0,25.09,199967.3,648906.0,0001628280-25-034261
2025-07-03,2025-07-01,Tarbert Heath,President and CLO,F,5555.0,181.29,1007065.95,643351.0,0001628280-25-034261
2025-07-23,2025-07-22,Selipsky Adam,董事,A,1850.0,0.0,,1850.0,0001628280-25-035739
2025-08-05,2025-08-01,Fox-Geen Jeremy,Chief Financial Officer,F,2052.0,183.52,376583.04000000004,316267.0,0001628280-25-037825
2025-08-05,2025-08-01,Chandhok Nikhil,Chief Product & Tech. Officer,F,12388.0,183.52,2273445.7600000002,580803.0,0001628280-25-037823
2025-08-05,2025-08-01,Tarbert Heath,President,F,5556.0,183.52,1019637.1200000001,637795.0,0001628280-25-037821
2025-08-05,2025-08-01,Schulz Tamara L,Chief Accounting Officer,F,823.0,183.52,151036.96000000002,94445.0,0001628280-25-037819
2025-08-20,2025-08-18,Allaire Jeremy,Chairman and CEO,S,357812.0,127.075,45468959.9,0.0,0001628280-25-040915
2025-08-20,2025-08-18,Broderick Craig W.,董事,S,1035.0,127.075,131522.625,29877.0,0001628280-25-040912
2025-08-20,2025-08-18,Ostling Danita K,董事,S,1290.0,127.075,163926.75,28952.0,0001929125-25-000004
2025-08-20,2025-08-18,BURNS M MICHELE,董事,S,29946.0,127.075,3805387.95,315230.0,0001197664-25-000007
2025-08-20,2025-08-18,Tarbert Heath,President,S,31925.0,127.075,4056869.375,605870.0,0002060670-25-000003
2025-08-20,2025-08-18,Neville Patrick Sean,董事,S,260374.0,127.075,33087026.05,0.0,0001628280-25-040910
2025-08-20,2025-08-18,Fox-Geen Jeremy,Chief Financial Officer,S,16392.0,127.075,2083013.4000000001,299875.0,0001818008-25-000004
2025-08-20,2025-08-18,Date Rajeev V,董事,S,15431.0,127.075,1960894.325,223082.0,0001628280-25-040907
2025-08-20,2025-08-18,Date Rajeev V,董事,S,18746.0,127.075,2382147.95,318114.0,0001628280-25-040907
2025-08-20,2025-08-18,Date Rajeev V,董事,S,14654.0,127.075,1862157.05,248663.0,0001628280-25-040907
2025-08-20,2025-08-18,Chandhok Nikhil,Chief Product & Tech. Officer,S,50000.0,127.075,6353750.0,530803.0,0002060495-25-000003
2025-08-20,2025-08-18,Schulz Tamara L,Chief Accounting Officer,S,836.0,127.075,106234.7,93609.0,0001874409-25-000003
2025-09-03,2025-09-01,Razzaghi Hossein,Chief Commercial Officer,A,55466.0,0.0,,659033.0,0002083179-25-000004
2025-09-03,2025-09-02,Razzaghi Hossein,Chief Commercial Officer,F,2678.0,131.98,353442.43999999994,656355.0,0002083179-25-000004
2025-09-04,2025-09-02,Chandhok Nikhil,Chief Product & Tech. Officer,F,12388.0,131.98,1634968.2399999998,518415.0,0002060495-25-000005
2025-09-04,2025-09-02,Tarbert Heath,President,F,5555.0,131.98,733148.8999999999,600315.0,0002060670-25-000005
2025-09-04,2025-09-02,Schulz Tamara L,Chief Accounting Officer,F,823.0,131.98,108619.54,92786.0,0001874409-25-000005
2025-09-04,2025-09-02,Fox-Geen Jeremy,Chief Financial Officer,F,2052.0,131.98,270822.95999999996,297823.0,0001818008-25-000006
2025-09-04,2025-09-03,Fox-Geen Jeremy,Chief Financial Officer,M,33608.0,10.11,339776.88,331431.0,0001818008-25-000006
2025-09-04,2025-09-03,Fox-Geen Jeremy,Chief Financial Officer,S,33608.0,121.45,4081691.6,297823.0,0001818008-25-000006
2025-09-12,2025-09-11,BURNS M MICHELE,董事,G,10000.0,0.0,,305230.0,0001876042-25-000009
2025-10-03,2025-10-01,Fox-Geen Jeremy,Chief Financial Officer,F,2052.0,132.58,272054.16000000003,295771.0,0001876042-25-000027
2025-10-03,2025-10-01,Chandhok Nikhil,Chief Product & Tech. Officer,F,12388.0,132.58,1642401.0400000003,506027.0,0001876042-25-000024
2025-10-03,2025-10-01,Tarbert Heath,President,F,5555.0,132.58,736481.9,594760.0,0001876042-25-000022
2025-10-03,2025-10-01,Schulz Tamara L,Chief Accounting Officer,F,823.0,132.58,109113.34000000001,91963.0,0001876042-25-000020
2025-10-03,2025-10-01,Razzaghi Hossein,Chief Commercial Officer,F,2677.0,132.58,354916.66000000003,653678.0,0001876042-25-000017
2025-11-05,2025-11-03,Fox-Geen Jeremy,Chief Financial Officer,F,2052.0,126.98,260562.96000000002,293719.0,0001876042-25-000038
2025-11-05,2025-11-03,Chandhok Nikhil,Chief Product & Tech. Officer,F,12388.0,126.98,1573028.24,493639.0,0001876042-25-000037
2025-11-05,2025-11-03,Tarbert Heath,President,F,5555.0,126.98,705373.9,589205.0,0001876042-25-000036
2025-11-05,2025-11-03,Schulz Tamara L,Chief Accounting Officer,F,823.0,126.98,104504.54000000001,91140.0,0001876042-25-000035
2025-11-05,2025-11-03,Razzaghi Hossein,Chief Commercial Officer,F,783.0,126.98,99425.34,652895.0,0001876042-25-000034
2025-11-17,2025-11-13,Neville Patrick Sean,董事,S,33569.0,85.05,2855043.4499999997,33568.0,0001876042-25-000053
2025-11-17,2025-11-13,Date Rajeev V,董事,S,28000.0,85.04,2381120.0,195082.0,0001876042-25-000052
2025-11-17,2025-11-13,Date Rajeev V,董事,S,9500.0,86.16,818520.0,185582.0,0001876042-25-000052
2025-11-17,2025-11-13,Date Rajeev V,董事,S,8000.0,86.19,689520.0,17000.0,0001876042-25-000052
2025-11-17,2025-11-13,Date Rajeev V,董事,S,54600.0,85.5,4668300.0,194063.0,0001876042-25-000052
2025-11-17,2025-11-13,Ostling Danita K,董事,S,2662.0,84.69,225444.78,26290.0,0001876042-25-000051
2025-11-17,2025-11-14,Date Rajeev V,董事,S,127245.0,83.0,10561335.0,190869.0,0001876042-25-000052
2025-11-17,2025-11-14,Date Rajeev V,董事,S,63622.0,84.73,5390692.0600000005,127247.0,0001876042-25-000052
2025-11-19,2025-11-17,Date Rajeev V,董事,S,36400.0,75.62,2752568.0,157663.0,0001876042-25-000054
2025-11-19,2025-11-18,Date Rajeev V,董事,J,157662.0,,,1.0,0001876042-25-000054
2025-11-19,2025-11-19,Date Rajeev V,董事,S,1.0,67.8,67.8,0.0,0001876042-25-000054
2025-11-21,2025-11-20,Date Rajeev V,董事,S,5000.0,70.89,354450.0,180582.0,0001876042-25-000058
2025-11-21,2025-11-20,Date Rajeev V,董事,S,2000.0,70.91,141820.0,15000.0,0001876042-25-000058
2025-11-21,2025-11-21,Date Rajeev V,董事,G,8254.0,,,172328.0,0001876042-25-000058
2025-11-21,2025-11-21,Date Rajeev V,董事,G,8254.0,,,23254.0,0001876042-25-000058
2025-11-25,2025-11-24,Date Rajeev V,董事,S,127247.0,72.29,9198685.63,0.0,0001876042-25-000060
2025-11-25,2025-11-24,Date Rajeev V,董事,S,20000.0,72.22,1444400.0,152328.0,0001876042-25-000060
2025-12-03,2025-12-01,Fox-Geen Jeremy,Chief Financial Officer,F,2116.0,79.93,169131.88,291603.0,0001876042-25-000068
2025-12-03,2025-12-01,Tarbert Heath,President,F,5555.0,79.93,444011.15,583650.0,0001876042-25-000067
2025-12-03,2025-12-01,Schulz Tamara L,Chief Accounting Officer,F,823.0,79.93,65782.39,90317.0,0001876042-25-000065
2025-12-03,2025-12-01,Razzaghi Hossein,Chief Commercial Officer,F,2459.0,79.93,196547.87000000002,650436.0,0001876042-25-000064
2025-12-03,2025-12-01,Chandhok Nikhil,Chief Product & Tech. Officer,M,100000.0,25.81,2581000.0,593639.0,0001876042-25-000063
2025-12-03,2025-12-01,Chandhok Nikhil,Chief Product & Tech. Officer,S,39018.0,75.8,2957564.4,554621.0,0001876042-25-000063
2025-12-03,2025-12-01,Chandhok Nikhil,Chief Product & Tech. Officer,S,25003.0,76.78,1919730.34,529618.0,0001876042-25-000063
2025-12-03,2025-12-01,Chandhok Nikhil,Chief Product & Tech. Officer,S,12873.0,78.24,1007183.5199999999,516745.0,0001876042-25-000063
2025-12-03,2025-12-01,Chandhok Nikhil,Chief Product & Tech. Officer,S,23106.0,78.92,1823525.52,493639.0,0001876042-25-000063
2025-12-03,2025-12-01,Chandhok Nikhil,Chief Product & Tech. Officer,F,18665.0,79.93,1491893.4500000002,474974.0,0001876042-25-000063
2025-12-03,2025-12-02,Schulz Tamara L,Chief Accounting Officer,S,1000.0,78.02,78020.0,89317.0,0001876042-25-000065
2025-12-05,2025-12-03,Horowitz Bradley,董事,J,115.0,,,230.0,0001876042-25-000069
2025-12-11,2025-12-09,Allaire Jeremy,Chairman and CEO,G,3500.0,0.0,,319627.0,0001876042-25-000071
2025-12-11,2025-12-09,Allaire Jeremy,Chairman and CEO,G,235000.0,0.0,,84627.0,0001876042-25-000071
2025-12-16,2025-12-12,Fox-Geen Jeremy,Chief Financial Officer,M,14400.0,10.11,145584.0,306003.0,0001876042-25-000078
2025-12-16,2025-12-12,Fox-Geen Jeremy,Chief Financial Officer,S,23830.0,90.0,2144700.0,282173.0,0001876042-25-000078
2025-12-16,2025-12-12,Tarbert Heath,President,S,1300.0,90.1,117129.99999999999,582350.0,0001876042-25-000077
2025-12-16,2025-12-12,Allaire Jeremy,Chairman and CEO,S,7055.0,90.05,635302.75,77572.0,0001876042-25-000076
2025-12-16,2025-12-12,Allaire Jeremy,Chairman and CEO,S,188.0,90.05,16929.399999999998,66949.0,0001876042-25-000076
2025-12-16,2025-12-12,Allaire Jeremy,Chairman and CEO,S,190.0,90.05,17109.5,66947.0,0001876042-25-000076
2025-12-16,2025-12-12,Allaire Jeremy,Chairman and CEO,S,190.0,90.05,17109.5,66947.0,0001876042-25-000076
2025-12-16,2025-12-12,Allaire Jeremy,Chairman and CEO,S,190.0,90.05,17109.5,66947.0,0001876042-25-000076
2025-12-16,2025-12-12,Chandhok Nikhil,Chief Product & Tech. Officer,M,10000.0,25.81,258100.0,484974.0,0001876042-25-000075
2025-12-16,2025-12-12,Chandhok Nikhil,Chief Product & Tech. Officer,S,10000.0,90.0,900000.0,474974.0,0001876042-25-000075
2025-12-16,2025-12-12,Neville Patrick Sean,董事,S,30000.0,90.0,2700000.0,0.0,0001876042-25-000074
2025-12-16,2025-12-12,Neville Patrick Sean,董事,S,5000.0,90.0,450000.0,0.0,0001876042-25-000074
2025-12-16,2025-12-16,Horowitz Bradley,董事,J,116.0,,,346.0,0001876042-25-000073
2025-12-19,2025-12-18,Fox-Geen Jeremy,Chief Financial Officer,M,39564.0,10.11,399992.04,321737.0,0001876042-25-000080
2025-12-23,2025-12-22,Tarbert Heath,President,S,3048.0,90.02,274380.95999999996,579302.0,0001876042-25-000086
2025-12-23,2025-12-22,Chandhok Nikhil,Chief Product & Tech. Officer,M,10000.0,25.81,258100.0,484974.0,0001876042-25-000085
2025-12-23,2025-12-22,Chandhok Nikhil,Chief Product & Tech. Officer,S,10000.0,90.0,900000.0,474974.0,0001876042-25-000085
2025-12-23,2025-12-22,Allaire Jeremy,Chairman and CEO,S,7055.0,90.07,635443.85,70517.0,0001876042-25-000084
2025-12-23,2025-12-22,Allaire Jeremy,Chairman and CEO,S,188.0,90.07,16933.16,66761.0,0001876042-25-000084
2025-12-23,2025-12-22,Allaire Jeremy,Chairman and CEO,S,190.0,90.07,17113.3,66757.0,0001876042-25-000084
2025-12-23,2025-12-22,Allaire Jeremy,Chairman and CEO,S,190.0,90.07,17113.3,66757.0,0001876042-25-000084
2025-12-23,2025-12-22,Allaire Jeremy,Chairman and CEO,S,190.0,90.07,17113.3,66757.0,0001876042-25-000084
2026-01-06,2026-01-02,Tarbert Heath,President,F,31397.0,79.3,2489782.1,547905.0,0001876042-26-000008
2026-01-06,2026-01-02,Fox-Geen Jeremy,Chief Financial Officer,F,23293.0,79.3,1847134.9,298444.0,0001876042-26-000007
2026-01-06,2026-01-02,Razzaghi Hossein,Chief Commercial Officer,F,9655.0,79.3,765641.5,640781.0,0001876042-26-000006
2026-01-06,2026-01-02,Schulz Tamara L,Chief Accounting Officer,F,2200.0,79.3,174460.0,87117.0,0001876042-26-000004
2026-01-06,2026-01-02,Chandhok Nikhil,Chief Product & Tech. Officer,F,35200.0,79.3,2791360.0,439774.0,0001876042-26-000002
2026-01-06,2026-01-05,Schulz Tamara L,Chief Accounting Officer,S,4438.0,85.19,378073.22,82679.0,0001876042-26-000004
2026-01-06,2026-01-06,Tarbert Heath,President,M,3985.0,25.09,99983.65,551890.0,0001876042-26-000008
2026-01-13,2026-01-09,Horowitz Bradley,董事,J,117.0,,,463.0,0001876042-26-000012
2026-01-30,2026-01-28,Horowitz Bradley,董事,J,116.0,,,579.0,0001876042-26-000014
2026-02-03,2026-02-01,Schulz Tamara L,Chief Accounting Officer,A,17555.0,0.0,,100234.0,0001876042-26-000018
2026-02-03,2026-02-02,Schulz Tamara L,Chief Accounting Officer,F,697.0,63.93,44559.21,99537.0,0001876042-26-000018
2026-02-03,2026-02-03,Schulz Tamara L,Chief Accounting Officer,S,1527.0,59.8,91314.59999999999,98010.0,0001876042-26-000018
2026-02-04,2026-02-02,Chandhok Nikhil,Chief Product & Tech. Officer,F,14479.0,63.93,925642.47,425295.0,0001876042-26-000024
2026-02-04,2026-02-02,Tarbert Heath,President,F,7989.0,63.93,510736.77,543901.0,0001876042-26-000023
2026-02-04,2026-02-02,Razzaghi Hossein,Chief Commercial Officer,F,1717.0,63.93,109767.81,639064.0,0001876042-26-000022
2026-02-04,2026-02-02,Fox-Geen Jeremy,Chief Financial Officer,F,3877.0,63.93,247856.61,294567.0,0001876042-26-000021
2026-02-20,2026-02-18,Horowitz Bradley,董事,J,118.0,,,697.0,0001876042-26-000026
2026-02-27,2026-02-25,Horowitz Bradley,董事,J,117.0,,,814.0,0002060529-26-000001
2026-03-02,2026-02-26,Allaire Jeremy,Chairman and CEO,S,14109.0,90.04,1270374.36,56408.0,0001876042-26-000041
2026-03-02,2026-02-26,Allaire Jeremy,Chairman and CEO,S,379.0,90.04,34125.16,66382.0,0001876042-26-000041
2026-03-02,2026-02-26,Allaire Jeremy,Chairman and CEO,S,379.0,90.04,34125.16,66378.0,0001876042-26-000041
2026-03-02,2026-02-26,Allaire Jeremy,Chairman and CEO,S,379.0,90.04,34125.16,66378.0,0001876042-26-000041
2026-03-02,2026-02-26,Allaire Jeremy,Chairman and CEO,S,379.0,90.04,34125.16,66378.0,0001876042-26-000041
2026-03-02,2026-02-26,Neville Patrick Sean,董事,S,30000.0,90.0,2700000.0,0.0,0001876042-26-000040
2026-03-02,2026-02-26,Neville Patrick Sean,董事,S,5000.0,90.0,450000.0,0.0,0001876042-26-000040
2026-03-02,2026-02-26,Date Rajeev V,董事,S,23254.0,89.62,2084023.4800000002,0.0,0001876042-26-000039
2026-03-02,2026-02-26,Chandhok Nikhil,Chief Product & Tech. Officer,M,20000.0,25.81,516200.0,445295.0,0001876042-26-000038
2026-03-02,2026-02-26,Chandhok Nikhil,Chief Product & Tech. Officer,S,20000.0,90.0,1800000.0,425295.0,0001876042-26-000038
2026-03-02,2026-02-26,BURNS M MICHELE,董事,M,10000.0,0.08,800.0,315230.0,0001876042-26-000037
2026-03-02,2026-02-26,BURNS M MICHELE,董事,S,10000.0,82.0,820000.0,305230.0,0001876042-26-000037
2026-03-02,2026-02-26,Fox-Geen Jeremy,Chief Financial Officer,M,14400.0,10.11,145584.0,308967.0,0001876042-26-000036
2026-03-02,2026-02-26,Fox-Geen Jeremy,Chief Financial Officer,S,47908.0,90.0,4311720.0,261059.0,0001876042-26-000036
2026-03-02,2026-02-26,Tarbert Heath,President,M,2000.0,25.09,50180.0,545901.0,0001876042-26-000035
2026-03-02,2026-02-26,Tarbert Heath,President,S,10753.0,90.14,969275.42,535148.0,0001876042-26-000035
2026-03-02,2026-02-26,Ostling Danita K,董事,S,2500.0,88.16,220400.0,23790.0,0001876042-26-000034
2026-03-04,2026-03-02,Schulz Tamara L,Chief Accounting Officer,F,1392.0,83.44,116148.48,96618.0,0001876042-26-000050
2026-03-04,2026-03-02,Fox-Geen Jeremy,Chief Financial Officer,A,118896.0,0.0,,379955.0,0001876042-26-000049
2026-03-04,2026-03-02,Fox-Geen Jeremy,Chief Financial Officer,M,7200.0,10.11,72792.0,387155.0,0001876042-26-000049
2026-03-04,2026-03-02,Fox-Geen Jeremy,Chief Financial Officer,S,7200.0,90.0,648000.0,379955.0,0001876042-26-000049
2026-03-04,2026-03-02,Fox-Geen Jeremy,Chief Financial Officer,F,3877.0,83.44,323496.88,376078.0,0001876042-26-000049
2026-03-04,2026-03-02,Chandhok Nikhil,Chief Product & Tech. Officer,A,118896.0,0.0,,544191.0,0001876042-26-000048
2026-03-04,2026-03-02,Chandhok Nikhil,Chief Product & Tech. Officer,F,3815.0,83.44,318323.6,540376.0,0001876042-26-000048
2026-03-04,2026-03-02,Tarbert Heath,President,A,118896.0,0.0,,654044.0,0001876042-26-000047
2026-03-04,2026-03-02,Tarbert Heath,President,F,7989.0,83.44,666602.16,646055.0,0001876042-26-000047
2026-03-04,2026-03-02,Tarbert Heath,President,M,75108.0,25.09,1884459.72,721163.0,0001876042-26-000047
2026-03-04,2026-03-02,Tarbert Heath,President,S,9262.0,90.24,835802.88,711901.0,0001876042-26-000047
2026-03-04,2026-03-02,Tarbert Heath,President,S,4088.0,91.82,375360.16,707813.0,0001876042-26-000047
2026-03-04,2026-03-02,Tarbert Heath,President,S,20382.0,92.77,1890838.14,687431.0,0001876042-26-000047
2026-03-04,2026-03-02,Tarbert Heath,President,S,24573.0,93.83,2305684.59,662858.0,0001876042-26-000047
2026-03-04,2026-03-02,Tarbert Heath,President,S,34863.0,95.14,3316865.82,627995.0,0001876042-26-000047
2026-03-04,2026-03-02,Tarbert Heath,President,S,28839.0,96.12,2772004.68,599156.0,0001876042-26-000047
2026-03-04,2026-03-02,Allaire Jeremy,Chairman and CEO,A,237793.0,0.0,,294201.0,0001876042-26-000046
2026-03-04,2026-03-02,Neville Patrick Sean,董事,S,30000.0,90.0,2700000.0,0.0,0001876042-26-000045
2026-03-04,2026-03-02,Neville Patrick Sean,董事,S,5000.0,90.0,450000.0,0.0,0001876042-26-000045
2026-03-04,2026-03-02,BURNS M MICHELE,董事,M,80000.0,0.08,6400.0,385230.0,0001876042-26-000044
2026-03-04,2026-03-02,BURNS M MICHELE,董事,S,10000.0,93.0,930000.0,375230.0,0001876042-26-000044
2026-03-04,2026-03-02,BURNS M MICHELE,董事,S,10000.0,94.0,940000.0,365230.0,0001876042-26-000044
2026-03-04,2026-03-02,BURNS M MICHELE,董事,S,40000.0,95.0,3800000.0,325230.0,0001876042-26-000044
2026-03-04,2026-03-02,BURNS M MICHELE,董事,S,20000.0,96.0,1920000.0,305230.0,0001876042-26-000044
2026-03-04,2026-03-02,Razzaghi Hossein,Chief Commercial Officer,A,118896.0,0.0,,757960.0,0001876042-26-000043
2026-03-04,2026-03-02,Razzaghi Hossein,Chief Commercial Officer,F,3394.0,83.44,283195.36,754566.0,0001876042-26-000043
2026-03-04,2026-03-03,Schulz Tamara L,Chief Accounting Officer,S,1341.0,93.0,124713.0,95277.0,0001876042-26-000050
2026-03-04,2026-03-03,Fox-Geen Jeremy,Chief Financial Officer,S,4238.0,93.0,394134.0,371840.0,0001876042-26-000049
2026-03-04,2026-03-03,BURNS M MICHELE,董事,M,85000.0,0.08,6800.0,390230.0,0001876042-26-000044
2026-03-04,2026-03-03,BURNS M MICHELE,董事,S,10000.0,100.0,1000000.0,380230.0,0001876042-26-000044
2026-03-04,2026-03-03,BURNS M MICHELE,董事,S,25000.0,103.09,2577250.0,355230.0,0001876042-26-000044
2026-03-04,2026-03-03,Razzaghi Hossein,Chief Commercial Officer,S,43119.0,100.0,4311900.0,711447.0,0001876042-26-000043
2026-03-05,2026-03-04,BURNS M MICHELE,董事,M,25000.0,0.08,2000.0,380230.0,0001876042-26-000053
2026-03-05,2026-03-04,BURNS M MICHELE,董事,S,25000.0,105.0,2625000.0,355230.0,0001876042-26-000053
2026-03-11,2026-03-09,BURNS M MICHELE,董事,G,22.0,0.0,,355208.0,0001876042-26-000069
2026-03-11,2026-03-10,Tarbert Heath,President,M,43694.0,25.09,1096282.46,642850.0,0001876042-26-000071
2026-03-11,2026-03-10,Tarbert Heath,President,S,11240.0,115.12,1293948.8,631610.0,0001876042-26-000071
2026-03-11,2026-03-10,Tarbert Heath,President,S,2257.0,116.82,263662.74,629353.0,0001876042-26-000071
2026-03-11,2026-03-10,Tarbert Heath,President,S,9342.0,117.54,1098058.6800000002,620011.0,0001876042-26-000071
2026-03-11,2026-03-10,Tarbert Heath,President,S,8715.0,118.56,1033250.4,611296.0,0001876042-26-000071
2026-03-11,2026-03-10,Tarbert Heath,President,S,7002.0,119.57,837229.1399999999,604294.0,0001876042-26-000071
2026-03-11,2026-03-10,Tarbert Heath,President,S,4538.0,120.74,547918.12,599756.0,0001876042-26-000071
2026-03-11,2026-03-10,Tarbert Heath,President,S,600.0,121.48,72888.0,599156.0,0001876042-26-000071
2026-03-11,2026-03-10,Horowitz Bradley,董事,J,88.0,,,902.0,0001876042-26-000070
2026-03-16,2026-03-12,Date Rajeev V,董事,M,3819.0,0.08,305.52,156147.0,0001876042-26-000074
2026-03-16,2026-03-12,Date Rajeev V,董事,S,3819.0,113.0,431547.0,152328.0,0001876042-26-000074
2026-03-16,2026-03-12,BURNS M MICHELE,董事,S,10519.0,112.64,1184860.16,344689.0,0001876042-26-000073
2026-03-16,2026-03-12,BURNS M MICHELE,董事,S,1151.0,113.33,130442.83,343538.0,0001876042-26-000073
2026-03-16,2026-03-13,Tarbert Heath,President,S,2737.0,113.8,311470.6,596419.0,0001876042-26-000075
2026-03-16,2026-03-13,Tarbert Heath,President,S,2941.0,114.73,337420.93,593478.0,0001876042-26-000075
2026-03-16,2026-03-13,Tarbert Heath,President,S,2868.0,115.62,331598.16000000003,590610.0,0001876042-26-000075
2026-03-16,2026-03-13,Tarbert Heath,President,S,1424.0,116.75,166252.0,589186.0,0001876042-26-000075
2026-03-16,2026-03-13,Tarbert Heath,President,S,3220.0,117.79,379283.80000000005,585966.0,0001876042-26-000075
2026-03-16,2026-03-13,Tarbert Heath,President,S,1810.0,118.58,214629.8,584156.0,0001876042-26-000075
2026-03-17,2026-03-16,Horowitz Bradley,董事,J,59.0,,,961.0,0001876042-26-000082
2026-03-17,2026-03-16,Koenigsbauer Kirk James,董事,A,3466.0,0.0,,3466.0,0001876042-26-000081
2026-03-24,2026-03-23,Chandhok Nikhil,Chief Product & Tech. Officer,M,10000.0,25.81,258100.0,550376.0,0001876042-26-000085
2026-03-24,2026-03-23,Chandhok Nikhil,Chief Product & Tech. Officer,S,10000.0,123.08,1230800.0,540376.0,0001876042-26-000085
2026-04-03,2026-04-01,Tarbert Heath,President,F,7988.0,95.41,762135.08,576168.0,0001876042-26-000123
2026-04-03,2026-04-01,Chandhok Nikhil,Chief Product & Tech. Officer,F,3815.0,95.41,363989.14999999997,536561.0,0001876042-26-000122
2026-04-03,2026-04-01,Fox-Geen Jeremy,Chief Financial Officer,M,7200.0,10.11,72792.0,379040.0,0001876042-26-000121
2026-04-03,2026-04-01,Fox-Geen Jeremy,Chief Financial Officer,S,7200.0,98.04,705888.0,371840.0,0001876042-26-000121
2026-04-03,2026-04-01,Fox-Geen Jeremy,Chief Financial Officer,F,3876.0,95.41,369809.16,367964.0,0001876042-26-000121
2026-04-03,2026-04-01,Razzaghi Hossein,Chief Commercial Officer,F,1717.0,95.41,163818.97,709730.0,0001876042-26-000120
2026-04-03,2026-04-01,Schulz Tamara L,Chief Accounting Officer,F,1030.0,95.41,98272.3,94247.0,0001876042-26-000119
2026-04-03,2026-04-01,Neville Patrick Sean,董事,S,30000.0,98.04,2941200.0,0.0,0001876042-26-000117
2026-04-03,2026-04-01,Neville Patrick Sean,董事,S,5000.0,98.04,490200.00000000006,0.0,0001876042-26-000117
2026-04-03,2026-04-02,Fox-Geen Jeremy,Chief Financial Officer,S,4238.0,90.0,381420.0,363726.0,0001876042-26-000121
2026-04-03,2026-04-02,Schulz Tamara L,Chief Accounting Officer,S,1194.0,87.58,104570.52,93053.0,0001876042-26-000119
2026-04-08,2026-04-06,Date Rajeev V,董事,M,2546.0,0.08,203.68,154874.0,0001876042-26-000126
2026-04-08,2026-04-06,Date Rajeev V,董事,S,2546.0,92.99,236752.53999999998,152328.0,0001876042-26-000126
2026-04-08,2026-04-06,BURNS M MICHELE,董事,S,1666.0,92.38,153905.08,341872.0,0001876042-26-000125
2026-04-08,2026-04-07,Date Rajeev V,董事,M,1273.0,0.08,101.84,153601.0,0001876042-26-000126
2026-04-08,2026-04-07,Date Rajeev V,董事,S,1273.0,95.0,120935.0,152328.0,0001876042-26-000126
2026-04-15,2026-04-13,Tarbert Heath,President,S,900.0,90.0,81000.0,575268.0,0001876042-26-000128
2026-04-15,2026-04-13,Tarbert Heath,President,S,600.0,91.35,54810.0,574668.0,0001876042-26-000128
2026-04-15,2026-04-13,Tarbert Heath,President,S,556.0,92.79,51591.240000000005,574112.0,0001876042-26-000128
2026-04-15,2026-04-13,Tarbert Heath,President,S,3304.0,94.2,311236.8,570808.0,0001876042-26-000128
2026-04-15,2026-04-13,Tarbert Heath,President,S,2623.0,95.15,249578.45,568185.0,0001876042-26-000128
2026-04-15,2026-04-13,Tarbert Heath,President,S,4764.0,96.14,458010.96,563421.0,0001876042-26-000128
2026-04-15,2026-04-13,Tarbert Heath,President,S,1645.0,97.19,159877.55,561776.0,0001876042-26-000128
2026-04-15,2026-04-13,Tarbert Heath,President,S,608.0,97.93,59541.44,561168.0,0001876042-26-000128
2026-04-23,2026-04-21,Chandhok Nikhil,Chief Product & Tech. Officer,M,10000.0,25.81,258100.0,546561.0,0001876042-26-000130
2026-04-23,2026-04-21,Chandhok Nikhil,Chief Product & Tech. Officer,S,10000.0,104.0,1040000.0,536561.0,0001876042-26-000130
2026-05-05,2026-05-01,Neville Patrick Sean,董事,S,30000.0,92.65,2779500.0,0.0,0001876042-26-000136
2026-05-05,2026-05-01,Neville Patrick Sean,董事,S,5000.0,92.64,463200.0,0.0,0001876042-26-000136
2026-05-05,2026-05-01,Tarbert Heath,President,F,7989.0,90.88,726040.32,553179.0,0001876042-26-000135
2026-05-05,2026-05-01,Schulz Tamara L,Chief Accounting Officer,F,1030.0,90.88,93606.4,92023.0,0001876042-26-000134
2026-05-05,2026-05-01,Razzaghi Hossein,Chief Commercial Officer,F,1717.0,90.88,156040.96,708013.0,0001876042-26-000133
2026-05-05,2026-05-01,Fox-Geen Jeremy,Chief Financial Officer,M,7200.0,10.11,72792.0,370926.0,0001818008-26-000001
2026-05-05,2026-05-01,Fox-Geen Jeremy,Chief Financial Officer,S,7200.0,92.64,667008.0,363726.0,0001818008-26-000001
2026-05-05,2026-05-01,Fox-Geen Jeremy,Chief Financial Officer,F,3877.0,90.88,352341.76,359849.0,0001818008-26-000001
2026-05-05,2026-05-01,Chandhok Nikhil,Chief Product & Tech. Officer,F,3816.0,90.88,346798.07999999996,532745.0,0001876042-26-000132
2026-05-05,2026-05-04,BURNS M MICHELE,董事,S,1666.0,107.61,179278.26,340206.0,0001876042-26-000139
2026-05-05,2026-05-04,Horowitz Bradley,董事,J,45.0,,,1006.0,0001876042-26-000138
2026-05-05,2026-05-04,Schulz Tamara L,Chief Accounting Officer,S,1194.0,107.1,127877.4,90829.0,0001876042-26-000134
2026-05-05,2026-05-04,Fox-Geen Jeremy,Chief Financial Officer,S,4238.0,107.1,453889.8,355611.0,0001818008-26-000001
2026-05-05,2026-05-05,BURNS M MICHELE,董事,S,10000.0,120.15,1201500.0,330206.0,0001876042-26-000139
2026-05-08,2026-05-06,Date Rajeev V,董事,M,3819.0,0.08,305.52,156147.0,0001876042-26-000144
2026-05-08,2026-05-06,Date Rajeev V,董事,S,3819.0,115.0,439185.0,152328.0,0001876042-26-000144
2026-05-13,2026-05-11,Horowitz Bradley,董事,J,53.0,,,1059.0,0001876042-26-000152
2026-05-13,2026-05-12,Ostling Danita K,董事,S,1200.0,132.06,158472.0,22590.0,0001876042-26-000153
2026-05-18,2026-05-15,Broderick Craig W.,董事,A,2018.0,0.0,,31895.0,0001876042-26-000170
2026-05-18,2026-05-15,BURNS M MICHELE,董事,A,2018.0,0.0,,332224.0,0001876042-26-000169
2026-05-18,2026-05-15,Date Rajeev V,董事,A,2018.0,0.0,,154346.0,0001876042-26-000168
2026-05-18,2026-05-15,Horowitz Bradley,董事,A,2018.0,0.0,,26691.0,0001876042-26-000167
2026-05-18,2026-05-15,Koenigsbauer Kirk James,董事,A,2018.0,0.0,,5484.0,0001876042-26-000166
2026-05-18,2026-05-15,Neville Patrick Sean,董事,A,2018.0,0.0,,2018.0,0001876042-26-000165
2026-05-18,2026-05-15,Ostling Danita K,董事,A,2018.0,0.0,,24608.0,0001876042-26-000164
2026-05-18,2026-05-15,Selipsky Adam,董事,A,2018.0,0.0,,3868.0,0001876042-26-000163
2026-05-22,2026-05-21,Chandhok Nikhil,Chief Product & Tech. Officer,M,10000.0,25.81,258100.0,542745.0,0001876042-26-000172
2026-05-22,2026-05-21,Chandhok Nikhil,Chief Product & Tech. Officer,S,10000.0,111.0,1110000.0,532745.0,0001876042-26-000172
2026-06-03,2026-06-01,Allaire Jeremy,Chairman and CEO,F,8219.0,113.0,928747.0,285982.0,0001876042-26-000180
2026-06-03,2026-06-01,Neville Patrick Sean,董事,S,14228.0,106.22,1511298.16,17790.0,0001876042-26-000179
2026-06-03,2026-06-01,Neville Patrick Sean,董事,S,12611.0,107.34,1353664.74,5179.0,0001876042-26-000179
2026-06-03,2026-06-01,Neville Patrick Sean,董事,S,3161.0,108.28,342273.08,2018.0,0001876042-26-000179
2026-06-03,2026-06-01,Neville Patrick Sean,董事,S,5000.0,108.75,543750.0,0.0,0001876042-26-000179
2026-06-03,2026-06-01,Tarbert Heath,President,F,11381.0,113.0,1286053.0,541798.0,0001876042-26-000178
2026-06-03,2026-06-01,Schulz Tamara L,Chief Accounting Officer,F,1539.0,113.0,173907.0,89290.0,0001876042-26-000177
2026-06-03,2026-06-01,Schulz Tamara L,Chief Accounting Officer,S,1194.0,101.82,121573.07999999999,88096.0,0001876042-26-000177
2026-06-03,2026-06-01,Razzaghi Hossein,Chief Commercial Officer,F,6986.0,113.0,789418.0,701027.0,0001876042-26-000176
2026-06-03,2026-06-01,Fox-Geen Jeremy,Chief Financial Officer,F,7425.0,113.0,839025.0,348186.0,0001876042-26-000175
2026-06-03,2026-06-01,Chandhok Nikhil,Chief Product & Tech. Officer,F,7603.0,113.0,859139.0,525142.0,0001876042-26-000174
2026-06-03,2026-06-03,BURNS M MICHELE,董事,S,1666.0,98.76,164534.16,330558.0,0001876042-26-000181
2026-06-09,2026-06-05,Allaire Jeremy,Chairman and CEO,S,110.0,79.11,8702.1,66268.0,0001876042-26-000185
2026-06-09,2026-06-05,Allaire Jeremy,Chairman and CEO,S,154.0,79.93,12309.220000000001,66114.0,0001876042-26-000185
2026-06-09,2026-06-05,Allaire Jeremy,Chairman and CEO,S,228.0,81.11,18493.079999999998,65886.0,0001876042-26-000185
2026-06-09,2026-06-05,Allaire Jeremy,Chairman and CEO,S,230.0,81.93,18843.9,65656.0,0001876042-26-000185
2026-06-09,2026-06-05,Allaire Jeremy,Chairman and CEO,S,181.0,83.07,15035.669999999998,65475.0,0001876042-26-000185
2026-06-09,2026-06-05,Allaire Jeremy,Chairman and CEO,S,202.0,84.05,16978.1,65273.0,0001876042-26-000185
2026-06-09,2026-06-05,Allaire Jeremy,Chairman and CEO,S,134.0,84.95,11383.300000000001,65139.0,0001876042-26-000185
2026-06-09,2026-06-05,Allaire Jeremy,Chairman and CEO,S,131.0,85.97,11262.07,65008.0,0001876042-26-000185
2026-06-09,2026-06-05,Allaire Jeremy,Chairman and CEO,S,124.0,86.89,10774.36,64884.0,0001876042-26-000185
2026-06-09,2026-06-05,Allaire Jeremy,Chairman and CEO,S,22.0,87.95,1934.9,64862.0,0001876042-26-000185
2026-06-09,2026-06-05,Allaire Jeremy,Chairman and CEO,S,110.0,79.11,8702.1,66268.0,0001876042-26-000185
2026-06-09,2026-06-05,Allaire Jeremy,Chairman and CEO,S,154.0,79.93,12309.220000000001,66114.0,0001876042-26-000185
2026-06-09,2026-06-05,Allaire Jeremy,Chairman and CEO,S,228.0,81.11,18493.079999999998,65886.0,0001876042-26-000185
2026-06-09,2026-06-05,Allaire Jeremy,Chairman and CEO,S,230.0,81.93,18843.9,65656.0,0001876042-26-000185
2026-06-09,2026-06-05,Allaire Jeremy,Chairman and CEO,S,181.0,83.07,15035.669999999998,65475.0,0001876042-26-000185
2026-06-09,2026-06-05,Allaire Jeremy,Chairman and CEO,S,202.0,84.05,16978.1,65273.0,0001876042-26-000185
2026-06-09,2026-06-05,Allaire Jeremy,Chairman and CEO,S,134.0,84.95,11383.300000000001,65139.0,0001876042-26-000185
2026-06-09,2026-06-05,Allaire Jeremy,Chairman and CEO,S,131.0,85.97,11262.07,65008.0,0001876042-26-000185
2026-06-09,2026-06-05,Allaire Jeremy,Chairman and CEO,S,124.0,86.89,10774.36,64884.0,0001876042-26-000185
2026-06-09,2026-06-05,Allaire Jeremy,Chairman and CEO,S,22.0,87.95,1934.9,64862.0,0001876042-26-000185
2026-06-09,2026-06-05,Allaire Jeremy,Chairman and CEO,S,4062.0,79.11,321344.82,562717.0,0001876042-26-000184
2026-06-09,2026-06-05,Allaire Jeremy,Chairman and CEO,S,5691.0,79.93,454881.63000000006,557026.0,0001876042-26-000184
2026-06-09,2026-06-05,Allaire Jeremy,Chairman and CEO,S,8440.0,81.11,684568.4,548586.0,0001876042-26-000184
2026-06-09,2026-06-05,Allaire Jeremy,Chairman and CEO,S,8533.0,81.93,699108.6900000001,540053.0,0001876042-26-000184
2026-06-09,2026-06-05,Allaire Jeremy,Chairman and CEO,S,6705.0,83.07,556984.35,533348.0,0001876042-26-000184
2026-06-09,2026-06-05,Allaire Jeremy,Chairman and CEO,S,7492.0,84.05,629702.6,525856.0,0001876042-26-000184
2026-06-09,2026-06-05,Allaire Jeremy,Chairman and CEO,S,4968.0,84.95,422031.60000000003,520888.0,0001876042-26-000184
2026-06-09,2026-06-05,Allaire Jeremy,Chairman and CEO,S,4874.0,85.97,419017.77999999997,516014.0,0001876042-26-000184
2026-06-09,2026-06-05,Allaire Jeremy,Chairman and CEO,S,4603.0,86.89,399954.67,511411.0,0001876042-26-000184
2026-06-09,2026-06-05,Allaire Jeremy,Chairman and CEO,S,832.0,87.95,73174.40000000001,510579.0,0001876042-26-000184
2026-06-09,2026-06-05,Allaire Jeremy,Chairman and CEO,S,110.0,79.11,8702.1,66272.0,0001876042-26-000184
2026-06-09,2026-06-05,Allaire Jeremy,Chairman and CEO,S,154.0,79.93,12309.220000000001,66118.0,0001876042-26-000184
2026-06-09,2026-06-05,Allaire Jeremy,Chairman and CEO,S,228.0,81.11,18493.079999999998,65890.0,0001876042-26-000184
2026-06-09,2026-06-05,Allaire Jeremy,Chairman and CEO,S,230.0,81.93,18843.9,65660.0,0001876042-26-000184
2026-06-09,2026-06-05,Allaire Jeremy,Chairman and CEO,S,181.0,83.07,15035.669999999998,65479.0,0001876042-26-000184
2026-06-09,2026-06-05,Allaire Jeremy,Chairman and CEO,S,202.0,84.05,16978.1,65277.0,0001876042-26-000184
2026-06-09,2026-06-05,Allaire Jeremy,Chairman and CEO,S,134.0,84.95,11383.300000000001,65143.0,0001876042-26-000184
2026-06-09,2026-06-05,Allaire Jeremy,Chairman and CEO,S,131.0,85.97,11262.07,65012.0,0001876042-26-000184
2026-06-09,2026-06-05,Allaire Jeremy,Chairman and CEO,S,124.0,86.89,10774.36,64888.0,0001876042-26-000184
2026-06-09,2026-06-05,Allaire Jeremy,Chairman and CEO,S,22.0,87.95,1934.9,64866.0,0001876042-26-000184
2026-06-09,2026-06-05,Allaire Jeremy,Chairman and CEO,S,110.0,79.11,8702.1,66268.0,0001876042-26-000184
2026-06-09,2026-06-05,Allaire Jeremy,Chairman and CEO,S,154.0,79.93,12309.220000000001,66114.0,0001876042-26-000184
2026-06-09,2026-06-05,Allaire Jeremy,Chairman and CEO,S,228.0,81.11,18493.079999999998,65886.0,0001876042-26-000184
2026-06-09,2026-06-05,Allaire Jeremy,Chairman and CEO,S,230.0,81.93,18843.9,65656.0,0001876042-26-000184
2026-06-09,2026-06-05,Allaire Jeremy,Chairman and CEO,S,181.0,83.07,15035.669999999998,65475.0,0001876042-26-000184
2026-06-09,2026-06-05,Allaire Jeremy,Chairman and CEO,S,202.0,84.05,16978.1,65273.0,0001876042-26-000184
2026-06-09,2026-06-05,Allaire Jeremy,Chairman and CEO,S,134.0,84.95,11383.300000000001,65139.0,0001876042-26-000184
2026-06-09,2026-06-05,Allaire Jeremy,Chairman and CEO,S,131.0,85.97,11262.07,65008.0,0001876042-26-000184
2026-06-09,2026-06-05,Allaire Jeremy,Chairman and CEO,S,124.0,86.89,10774.36,64884.0,0001876042-26-000184
2026-06-09,2026-06-05,Allaire Jeremy,Chairman and CEO,S,22.0,87.95,1934.9,64862.0,0001876042-26-000184
2026-06-09,2026-06-05,Fox-Geen Jeremy,Chief Financial Officer,S,8120.0,88.0,714560.0,340066.0,0001876042-26-000183
2026-06-09,2026-06-08,Chandhok Nikhil,Chief Product & Tech. Officer,M,23333.0,25.81,602224.73,548475.0,0001876042-26-000187
2026-06-09,2026-06-08,Chandhok Nikhil,Chief Product & Tech. Officer,S,26666.0,83.75,2233277.5,521809.0,0001876042-26-000187
2026-06-09,2026-06-08,Neville Patrick Sean,董事,S,350223.0,82.15,28770819.450000003,686191.0,0001876042-26-000186
2026-06-09,2026-06-08,Neville Patrick Sean,董事,S,431451.0,82.94,35784545.94,254740.0,0001876042-26-000186
2026-06-09,2026-06-08,Neville Patrick Sean,董事,S,252722.0,83.76,21167994.720000003,2018.0,0001876042-26-000186
2026-06-10,2026-06-08,Date Rajeev V,董事,M,1273.0,0.08,101.84,155619.0,0001876042-26-000188
2026-06-10,2026-06-08,Date Rajeev V,董事,S,1273.0,83.75,106613.75,154346.0,0001876042-26-000188
2026-06-10,2026-06-09,Date Rajeev V,董事,M,1273.0,0.08,101.84,155619.0,0001876042-26-000188
2026-06-10,2026-06-09,Date Rajeev V,董事,S,1273.0,85.0,108205.0,154346.0,0001876042-26-000188
2026-06-11,2026-06-09,Neville Patrick Sean,董事,S,47306.0,81.26,3844085.56,4712.0,0001876042-26-000189
2026-06-11,2026-06-09,Neville Patrick Sean,董事,S,2694.0,82.05,221042.69999999998,2018.0,0001876042-26-000189
2026-06-12,2026-06-10,Razzaghi Hossein,Chief Commercial Officer,S,34623.0,78.85,2730023.55,666404.0,0001876042-26-000195
2026-06-12,2026-06-10,Tarbert Heath,President,S,6172.0,79.36,489809.92,535626.0,0001876042-26-000194
2026-06-12,2026-06-10,Tarbert Heath,President,S,7892.0,80.35,634122.2,527734.0,0001876042-26-000194
2026-06-12,2026-06-10,Tarbert Heath,President,S,8756.0,81.35,712300.6,518978.0,0001876042-26-000194
2026-06-12,2026-06-10,Tarbert Heath,President,S,7490.0,82.38,617026.2,511488.0,0001876042-26-000194
2026-06-12,2026-06-10,Tarbert Heath,President,S,8105.0,83.2,674336.0,503383.0,0001876042-26-000194
2026-06-12,2026-06-10,Tarbert Heath,President,S,825.0,84.03,69324.75,502558.0,0001876042-26-000194
2026-06-26,2026-06-24,Chandhok Nikhil,Chief Product & Tech. Officer,M,460007.0,25.81,11872780.67,981816.0,0001876042-26-000197
2026-06-26,2026-06-24,Chandhok Nikhil,Chief Product & Tech. Officer,M,29730.0,32.95,979603.5000000001,1011546.0,0001876042-26-000197
2026-06-26,2026-06-24,Chandhok Nikhil,Chief Product & Tech. Officer,S,111963.0,70.83,7930339.29,899583.0,0001876042-26-000197
2026-06-26,2026-06-24,Chandhok Nikhil,Chief Product & Tech. Officer,S,73708.0,71.53,5272333.24,825875.0,0001876042-26-000197
2026-06-26,2026-06-24,Chandhok Nikhil,Chief Product & Tech. Officer,S,188637.0,72.73,13719569.010000002,637238.0,0001876042-26-000197
2026-06-26,2026-06-24,Chandhok Nikhil,Chief Product & Tech. Officer,S,78935.0,73.43,5796197.050000001,558303.0,0001876042-26-000197
2026-06-26,2026-06-24,Chandhok Nikhil,Chief Product & Tech. Officer,S,35160.0,74.67,2625397.2,523143.0,0001876042-26-000197
2026-06-26,2026-06-24,Chandhok Nikhil,Chief Product & Tech. Officer,S,1334.0,75.36,100530.24,521809.0,0001876042-26-000197
2026-06-26,2026-06-25,Chandhok Nikhil,Chief Product & Tech. Officer,M,199993.0,25.81,5161819.33,721802.0,0001876042-26-000197
2026-06-26,2026-06-25,Chandhok Nikhil,Chief Product & Tech. Officer,M,10414.0,32.95,343141.30000000005,732216.0,0001876042-26-000197
2026-06-30,2026-06-26,Horowitz Bradley,董事,J,23.0,,,1082.0,0001876042-26-000201
2026-07-02,2026-07-01,Razzaghi Hossein,Chief Commercial Officer,F,1717.0,62.63,107535.71,664687.0,0001876042-26-000212
2026-07-02,2026-07-01,Schulz Tamara L,Chief Accounting Officer,F,1031.0,62.63,64571.530000000006,87065.0,0001876042-26-000211
2026-07-02,2026-07-01,Neville Patrick Sean,董事,S,35981.0,62.29,2241256.4899999998,16037.0,0001876042-26-000210
2026-07-02,2026-07-01,Neville Patrick Sean,董事,S,14019.0,63.57,891187.83,2018.0,0001876042-26-000210
2026-07-02,2026-07-01,Tarbert Heath,President,F,7989.0,62.63,500351.07,494569.0,0001876042-26-000208
2026-07-02,2026-07-01,Fox-Geen Jeremy,Chief Financial Officer,F,3877.0,62.63,242816.51,336189.0,0001876042-26-000207
2026-07-02,2026-07-01,Chandhok Nikhil,Chief Product & Tech. Officer,F,3815.0,62.63,238933.45,728401.0,0001876042-26-000206
2026-07-02,2026-07-02,Razzaghi Hossein,Chief Commercial Officer,S,1831.0,64.4,117916.40000000001,662856.0,0001876042-26-000212
2026-07-02,2026-07-02,Schulz Tamara L,Chief Accounting Officer,S,1194.0,64.4,76893.6,85871.0,0001876042-26-000211
2026-07-08,2026-07-06,Allaire Jeremy,Chairman and CEO,S,96.0,63.76,6120.96,64766.0,0001876042-26-000218
2026-07-08,2026-07-06,Allaire Jeremy,Chairman and CEO,S,122.0,64.65,7887.300000000001,64644.0,0001876042-26-000218
2026-07-08,2026-07-06,Allaire Jeremy,Chairman and CEO,S,381.0,65.89,25104.09,64263.0,0001876042-26-000218
2026-07-08,2026-07-06,Allaire Jeremy,Chairman and CEO,S,161.0,66.5,10706.5,64102.0,0001876042-26-000218
2026-07-08,2026-07-06,Allaire Jeremy,Chairman and CEO,S,323.0,68.23,22038.29,63779.0,0001876042-26-000218
2026-07-08,2026-07-06,Allaire Jeremy,Chairman and CEO,S,382.0,69.11,26400.02,63397.0,0001876042-26-000218
2026-07-08,2026-07-06,Allaire Jeremy,Chairman and CEO,S,51.0,69.66,3552.66,63346.0,0001876042-26-000218
2026-07-08,2026-07-06,Allaire Jeremy,Chairman and CEO,S,96.0,63.76,6120.96,64766.0,0001876042-26-000218
2026-07-08,2026-07-06,Allaire Jeremy,Chairman and CEO,S,122.0,64.65,7887.300000000001,64644.0,0001876042-26-000218
2026-07-08,2026-07-06,Allaire Jeremy,Chairman and CEO,S,381.0,65.89,25104.09,64263.0,0001876042-26-000218
2026-07-08,2026-07-06,Allaire Jeremy,Chairman and CEO,S,161.0,66.5,10706.5,64102.0,0001876042-26-000218
2026-07-08,2026-07-06,Allaire Jeremy,Chairman and CEO,S,323.0,68.23,22038.29,63779.0,0001876042-26-000218
2026-07-08,2026-07-06,Allaire Jeremy,Chairman and CEO,S,382.0,69.11,26400.02,63397.0,0001876042-26-000218
2026-07-08,2026-07-06,Allaire Jeremy,Chairman and CEO,S,51.0,69.66,3552.66,63346.0,0001876042-26-000218
2026-07-08,2026-07-06,Allaire Jeremy,Chairman and CEO,S,3542.0,63.76,225837.91999999998,507037.0,0001876042-26-000217
2026-07-08,2026-07-06,Allaire Jeremy,Chairman and CEO,S,4523.0,64.65,292411.95,502514.0,0001876042-26-000217
2026-07-08,2026-07-06,Allaire Jeremy,Chairman and CEO,S,14138.0,65.89,931552.8200000001,488376.0,0001876042-26-000217
2026-07-08,2026-07-06,Allaire Jeremy,Chairman and CEO,S,5960.0,66.5,396340.0,482416.0,0001876042-26-000217
2026-07-08,2026-07-06,Allaire Jeremy,Chairman and CEO,S,11978.0,68.23,817258.9400000001,470438.0,0001876042-26-000217
2026-07-08,2026-07-06,Allaire Jeremy,Chairman and CEO,S,14175.0,69.11,979634.25,456263.0,0001876042-26-000217
2026-07-08,2026-07-06,Allaire Jeremy,Chairman and CEO,S,1884.0,69.66,131239.44,454379.0,0001876042-26-000217
2026-07-08,2026-07-06,Allaire Jeremy,Chairman and CEO,S,96.0,63.76,6120.96,64770.0,0001876042-26-000217
2026-07-08,2026-07-06,Allaire Jeremy,Chairman and CEO,S,122.0,64.65,7887.300000000001,64648.0,0001876042-26-000217
2026-07-08,2026-07-06,Allaire Jeremy,Chairman and CEO,S,381.0,65.89,25104.09,64267.0,0001876042-26-000217
2026-07-08,2026-07-06,Allaire Jeremy,Chairman and CEO,S,161.0,66.5,10706.5,64106.0,0001876042-26-000217
2026-07-08,2026-07-06,Allaire Jeremy,Chairman and CEO,S,323.0,68.23,22038.29,63783.0,0001876042-26-000217
2026-07-08,2026-07-06,Allaire Jeremy,Chairman and CEO,S,382.0,69.11,26400.02,63401.0,0001876042-26-000217
2026-07-08,2026-07-06,Allaire Jeremy,Chairman and CEO,S,51.0,69.66,3552.66,63350.0,0001876042-26-000217
2026-07-08,2026-07-06,Allaire Jeremy,Chairman and CEO,S,96.0,63.76,6120.96,64766.0,0001876042-26-000217
2026-07-08,2026-07-06,Allaire Jeremy,Chairman and CEO,S,122.0,64.65,7887.300000000001,64644.0,0001876042-26-000217
2026-07-08,2026-07-06,Allaire Jeremy,Chairman and CEO,S,381.0,65.89,25104.09,64263.0,0001876042-26-000217
2026-07-08,2026-07-06,Allaire Jeremy,Chairman and CEO,S,161.0,66.5,10706.5,64102.0,0001876042-26-000217
2026-07-08,2026-07-06,Allaire Jeremy,Chairman and CEO,S,323.0,68.23,22038.29,63779.0,0001876042-26-000217
2026-07-08,2026-07-06,Allaire Jeremy,Chairman and CEO,S,382.0,69.11,26400.02,63397.0,0001876042-26-000217
2026-07-08,2026-07-06,Allaire Jeremy,Chairman and CEO,S,51.0,69.66,3552.66,63346.0,0001876042-26-000217
2026-07-10,2026-07-08,Chandhok Nikhil,Chief Product & Tech. Officer,M,23333.0,25.81,602224.73,751734.0,0001876042-26-000225
2026-07-10,2026-07-08,Chandhok Nikhil,Chief Product & Tech. Officer,S,26666.0,63.9,1703957.4,725068.0,0001876042-26-000225
2026-08-04,2026-08-01,Razzaghi Hossein,Chief Commercial Officer,F,1717.0,62.61,107501.37,661139.0,0001876042-26-000243
2026-08-04,2026-08-01,Tarbert Heath,President,F,7988.0,62.61,500128.68,486581.0,0001876042-26-000241
2026-08-04,2026-08-01,Chandhok Nikhil,Chief Product & Tech. Officer,F,3815.0,62.61,238857.15,721253.0,0001876042-26-000240
2026-08-04,2026-08-01,Fox-Geen Jeremy,Chief Financial Officer,F,3876.0,62.61,242676.36,332313.0,0001876042-26-000238
2026-08-04,2026-08-01,Schulz Tamara L,Chief Accounting Officer,A,15559.0,0.0,,101430.0,0001876042-26-000237
2026-08-04,2026-08-01,Schulz Tamara L,Chief Accounting Officer,F,1031.0,62.61,64550.909999999996,100399.0,0001876042-26-000237
2026-08-04,2026-08-03,Neville Patrick Sean,董事,S,16273.0,58.5,951970.5,35745.0,0001876042-26-000239
2026-08-04,2026-08-03,Neville Patrick Sean,董事,S,15522.0,59.51,923714.22,20223.0,0001876042-26-000239
2026-08-04,2026-08-03,Neville Patrick Sean,董事,S,15779.0,60.46,953998.34,4444.0,0001876042-26-000239
2026-08-04,2026-08-03,Neville Patrick Sean,董事,S,2426.0,61.03,148058.78,2018.0,0001876042-26-000239
2026-08-04,2026-08-04,Razzaghi Hossein,Chief Commercial Officer,S,1829.0,60.08,109886.31999999999,659310.0,0001876042-26-000243
2026-08-04,2026-08-04,Schulz Tamara L,Chief Accounting Officer,S,1194.0,60.08,71735.52,99205.0,0001876042-26-000237
2026-08-07,2026-08-05,Allaire Jeremy,Chairman and CEO,S,5682.0,60.14,341715.48,448697.0,0001876042-26-000250
2026-08-07,2026-08-05,Allaire Jeremy,Chairman and CEO,S,9692.0,61.05,591696.6,439005.0,0001876042-26-000250
2026-08-07,2026-08-05,Allaire Jeremy,Chairman and CEO,S,19481.0,61.76,1203146.56,419524.0,0001876042-26-000250
2026-08-07,2026-08-05,Allaire Jeremy,Chairman and CEO,S,13061.0,62.94,822059.34,406463.0,0001876042-26-000250
2026-08-07,2026-08-05,Allaire Jeremy,Chairman and CEO,S,8284.0,63.66,527359.44,398179.0,0001876042-26-000250
2026-08-07,2026-08-05,Allaire Jeremy,Chairman and CEO,S,153.0,60.14,9201.42,63197.0,0001876042-26-000250
2026-08-07,2026-08-05,Allaire Jeremy,Chairman and CEO,S,261.0,61.05,15934.05,62936.0,0001876042-26-000250
2026-08-07,2026-08-05,Allaire Jeremy,Chairman and CEO,S,526.0,61.76,32485.76,62410.0,0001876042-26-000250
2026-08-07,2026-08-05,Allaire Jeremy,Chairman and CEO,S,353.0,62.94,22217.82,62057.0,0001876042-26-000250
2026-08-07,2026-08-05,Allaire Jeremy,Chairman and CEO,S,223.0,63.66,14196.179999999998,61834.0,0001876042-26-000250
2026-08-07,2026-08-05,Allaire Jeremy,Chairman and CEO,S,153.0,60.14,9201.42,63193.0,0001876042-26-000250
2026-08-07,2026-08-05,Allaire Jeremy,Chairman and CEO,S,261.0,61.05,15934.05,62932.0,0001876042-26-000250
2026-08-07,2026-08-05,Allaire Jeremy,Chairman and CEO,S,526.0,61.76,32485.76,62406.0,0001876042-26-000250
2026-08-07,2026-08-05,Allaire Jeremy,Chairman and CEO,S,352.0,62.94,22154.879999999997,62054.0,0001876042-26-000250
2026-08-07,2026-08-05,Allaire Jeremy,Chairman and CEO,S,224.0,63.66,14259.84,61830.0,0001876042-26-000250
2026-08-07,2026-08-05,Allaire Jeremy,Chairman and CEO,S,154.0,60.14,9261.56,63192.0,0001876042-26-000250
2026-08-07,2026-08-05,Allaire Jeremy,Chairman and CEO,S,262.0,61.05,15995.099999999999,62930.0,0001876042-26-000250
2026-08-07,2026-08-05,Allaire Jeremy,Chairman and CEO,S,525.0,61.76,32424.0,62405.0,0001876042-26-000250
2026-08-07,2026-08-05,Allaire Jeremy,Chairman and CEO,S,352.0,62.94,22154.879999999997,62053.0,0001876042-26-000250
2026-08-07,2026-08-05,Allaire Jeremy,Chairman and CEO,S,223.0,63.66,14196.179999999998,61830.0,0001876042-26-000250
2026-08-07,2026-08-05,Allaire Jeremy,Chairman and CEO,S,154.0,60.14,9261.56,63192.0,0001876042-26-000250
2026-08-07,2026-08-05,Allaire Jeremy,Chairman and CEO,S,262.0,61.05,15995.099999999999,62930.0,0001876042-26-000250
2026-08-07,2026-08-05,Allaire Jeremy,Chairman and CEO,S,525.0,61.76,32424.0,62405.0,0001876042-26-000250
2026-08-07,2026-08-05,Allaire Jeremy,Chairman and CEO,S,352.0,62.94,22154.879999999997,62053.0,0001876042-26-000250
2026-08-07,2026-08-05,Allaire Jeremy,Chairman and CEO,S,223.0,63.66,14196.179999999998,61830.0,0001876042-26-000250
2026-08-07,2026-08-06,Ostling Danita K,董事,S,20000.0,61.65,1233000.0,4608.0,0001876042-26-000251
