operation_id,date,settlement_date,operation_type,is_rmp,maturity_start,maturity_end,submitted_b,accepted_b,accept_ratio,note
OR 030708 1,2008-03-07,2008-03-10,Outright Bill Sale,False,2008-05-08,2008-06-05,52.595,10.0,19.013214183857784,
OR 031208 1,2008-03-12,2008-03-13,Outright Bill Sale,False,2008-05-08,2008-06-05,57.065,15.001,26.287566809778323,
OR 031708 1,2008-03-17,2008-03-18,Outright Bill Sale,False,2008-08-07,2008-09-11,56.605,17.999,31.79754438653829,
OR 031708 2,2008-03-17,2008-03-18,Outright Coupon Sale,False,2009-09-30,2010-01-31,13.015,5.0,38.417210910487896,
OR 031908 1,2008-03-19,2008-03-20,Outright Bill Sale,False,2008-06-12,2008-07-31,53.672,14.999,27.945669995528398,
OR 032008 1,2008-03-20,2008-03-24,Outright Coupon Sale,False,2011-02-15,2011-05-31,9.884,4.957,50.151760420882226,
OR 032408 1,2008-03-24,2008-03-25,Outright Coupon Sale,False,2011-06-30,2011-09-30,12.289,5.001,40.694930425583856,
OR 032508 1,2008-03-25,2008-03-26,Outright Bill Sale,False,2008-05-22,2008-06-12,41.194,11.999,29.128028353643735,
OR 032608 1,2008-03-26,2008-03-27,Outright Bill Sale,False,2008-05-01,2008-05-15,30.285,9.0,29.71768202080238,
OR 033108 1,2008-03-31,2008-04-01,Outright Coupon Sale,False,2009-04-30,2009-06-30,16.676,5.0,29.983209402734474,
OR 040108 1,2008-04-01,2008-04-02,Outright Coupon Sale,False,2012-03-31,2012-07-31,10.89,5.002,45.932047750229565,
OR 040208 1,2008-04-02,2008-04-03,Outright Coupon Sale,False,2009-07-31,2009-11-15,15.636,5.0,31.97748784855462,
OR 040308 1,2008-04-03,2008-04-04,Outright Coupon Sale,False,2011-07-31,2012-02-15,8.972,4.999,55.71778867588052,
OR 050208 1,2008-05-02,2008-05-05,Outright Coupon Sale,False,2016-05-15,2017-05-15,8.577,2.5,29.147720648245308,
OR 050608 1,2008-05-06,2008-05-07,Outright Coupon Sale,False,2011-02-15,2011-05-31,12.2,4.999,40.97540983606557,
OR 050708 1,2008-05-07,2008-05-08,Outright Bill Sale,False,2008-07-10,2008-08-14,57.987,10.001,17.246969148257367,
OR 051208 1,2008-05-12,2008-05-13,Outright Coupon Sale,False,2010-05-15,2010-11-15,14.491,5.002,34.5179766751777,
OR 051408 1,2008-05-14,2008-05-15,Outright Coupon Sale,False,2013-11-15,2015-02-15,10.355,2.499,24.133268952197007,
OR 052108 1,2008-05-21,2008-05-22,Outright Coupon Sale,False,2011-06-30,2012-02-15,15.711,4.999,31.818471134873654,
OR 100611 1,2011-10-06,2011-10-07,Outright Coupon Sale,False,2012-01-15,2012-07-31,242.657,8.87,3.6553653923027145,
OR 101211 1,2011-10-12,2011-10-13,Outright Coupon Sale,False,2013-03-31,2013-10-15,69.618,8.87,12.74095779827056,
OR 101711 1,2011-10-17,2011-10-18,Outright TIPS Sale,False,2012-04-15,2014-07-15,12.84,1.37,10.669781931464176,
OR 102011 1,2011-10-20,2011-10-21,Outright Coupon Sale,False,2012-08-15,2013-03-15,204.144,8.87,4.34497217650286,
OR 102611 1,2011-10-26,2011-10-27,Outright Coupon Sale,False,2014-03-15,2014-09-30,31.264,8.87,28.37128966223132,
OR 102811 1,2011-10-28,2011-10-31,Outright Coupon Sale,False,2013-10-31,2014-02-28,48.79,8.87,18.179954908792784,
OR 110111 1,2011-11-01,2011-11-02,Outright Coupon Sale,False,2012-08-15,2013-03-31,139.195,8.63,6.199935342505119,
OR 110911 1,2011-11-09,2011-11-10,Outright TIPS Sale,False,2012-04-15,2014-04-15,8.906,1.33,14.933752526386707,
OR 111611 1,2011-11-16,2011-11-17,Outright Coupon Sale,False,2013-11-15,2014-02-28,40.755,8.63,21.17531591215802,
OR 112111 1,2011-11-21,2011-11-22,Outright Coupon Sale,False,2012-02-29,2012-07-31,143.438,8.531,5.94751739427488,
OR 112111 2,2011-11-21,2011-11-22,Outright Coupon Sale,False,2014-03-15,2014-11-15,32.974,8.63,26.17213562200522,
OR 120211 2,2011-12-02,2011-12-05,Outright Coupon Sale,False,2013-04-15,2013-10-31,43.24,8.63,19.958371877890844,
OR 120711 1,2011-12-07,2011-12-08,Outright TIPS Sale,False,2012-04-15,2014-04-15,11.3,1.33,11.76991150442478,
OR 120811 3,2011-12-08,2011-12-09,Outright Coupon Sale,False,2012-03-15,2012-09-30,143.157,8.63,6.028346500695041,
OR 121411 1,2011-12-14,2011-12-15,Outright Coupon Sale,False,2012-10-15,2013-05-31,57.071,8.63,15.121515305496663,
OR 122111 1,2011-12-21,2011-12-22,Outright Coupon Sale,False,2013-11-30,2014-03-31,31.345,8.12,25.905248045940336,
OR 122111 2,2011-12-21,2011-12-22,Outright Coupon Sale,False,2013-06-15,2013-11-15,33.169,8.618,25.98209171214086,
OR 122811 1,2011-12-28,2011-12-29,Outright Coupon Sale,False,2014-04-15,2014-11-30,90.812,8.63,9.503149363520242,
OR 010412 1,2012-01-04,2012-01-05,Outright Coupon Sale,False,2013-05-15,2013-10-31,64.78,8.74,13.491818462488423,
OR 010512 1,2012-01-05,2012-01-06,Outright TIPS Sale,False,2012-04-15,2014-04-15,10.471,1.35,12.892751408652469,
OR 010912 1,2012-01-09,2012-01-10,Outright Coupon Sale,False,2012-04-15,2012-09-30,171.006,8.74,5.110931780171456,
OR 011212 1,2012-01-12,2012-01-13,Outright Coupon Sale,False,2012-10-31,2013-04-30,114.836,8.74,7.610853739245534,
OR 011812 1,2012-01-18,2012-01-19,Outright Coupon Sale,False,2013-11-15,2014-02-28,64.003,8.74,13.655609893286252,
OR 012712 1,2012-01-27,2012-01-30,Outright Coupon Sale,False,2014-03-15,2015-01-15,66.919,8.74,13.060565758603687,
OR 020312 1,2012-02-03,2012-02-06,Outright Coupon Sale,False,2012-05-15,2012-11-30,113.607,8.61,7.578758351157938,
OR 020712 1,2012-02-07,2012-02-08,Outright TIPS Sale,False,2012-07-15,2015-01-15,7.663,1.33,17.35612684327287,
OR 020812 2,2012-02-08,2012-02-09,Outright Coupon Sale,False,2013-06-15,2013-11-30,52.339,8.603,16.437073692657485,
OR 021512 1,2012-02-15,2012-02-16,Outright Coupon Sale,False,2013-12-15,2014-03-31,66.518,8.603,12.933341351213205,
OR 022112 1,2012-02-21,2012-02-22,Outright Coupon Sale,False,2012-12-15,2013-05-31,66.577,8.61,12.93239407002418,
OR 022312 1,2012-02-23,2012-02-24,Outright Coupon Sale,False,2014-04-15,2015-02-15,51.224,8.61,16.80852725285023,
OR 030112 1,2012-03-01,2012-03-02,Outright Coupon Sale,False,2012-06-15,2013-01-31,103.373,8.604,8.323256556354172,
OR 030512 1,2012-03-05,2012-03-06,Outright TIPS Sale,False,2012-07-15,2015-01-15,7.227,1.33,18.4032101840321,
OR 030912 1,2012-03-09,2012-03-12,Outright Coupon Sale,False,2013-08-15,2014-01-31,51.507,8.63,16.75500417418992,
OR 031612 1,2012-03-16,2012-03-19,Outright Coupon Sale,False,2014-02-15,2014-05-31,49.821,8.63,17.322012805844928,
OR 032612 1,2012-03-26,2012-03-27,Outright Coupon Sale,False,2013-02-15,2013-07-31,80.029,8.621,10.772345024928464,
OR 032912 1,2012-03-29,2012-03-30,Outright Coupon Sale,False,2014-07-15,2015-03-15,37.275,8.622,23.130784708249497,
OR 040912 1,2012-04-09,2012-04-10,Outright TIPS Sale,False,2012-07-15,2015-01-15,5.921,1.26,21.280189157236954,
OR 041112 1,2012-04-11,2012-04-12,Outright Coupon Sale,False,2012-07-15,2013-01-31,93.04,8.624,9.269131556319863,
OR 041612 1,2012-04-16,2012-04-17,Outright Coupon Sale,False,2013-02-15,2013-06-30,80.131,8.622,10.759880695361346,
OR 041812 1,2012-04-18,2012-04-19,Outright Coupon Sale,False,2013-07-15,2014-01-31,58.692,8.63,14.703877870919376,
OR 042012 1,2012-04-20,2012-04-23,Outright Coupon Sale,False,2014-02-15,2014-05-31,53.691,8.63,16.073457376469054,
OR 042712 1,2012-04-27,2012-04-30,Outright Coupon Sale,False,2014-07-15,2015-04-15,55.493,8.63,15.551511001387563,
OR 050212 1,2012-05-02,2012-05-03,Outright TIPS Sale,False,2014-01-15,2015-04-15,5.37,1.34,24.95344506517691,
OR 050412 1,2012-05-04,2012-05-07,Outright Coupon Sale,False,2012-08-15,2013-02-28,104.624,8.64,8.258143447010246,
OR 051012 1,2012-05-10,2012-05-11,Outright Coupon Sale,False,2013-10-15,2014-01-31,45.952,8.636,18.793523676880223,
OR 051512 1,2012-05-15,2012-05-16,Outright Coupon Sale,False,2014-02-15,2014-05-31,58.148,8.64,14.858636582513588,
OR 052212 1,2012-05-22,2012-05-23,Outright Coupon Sale,False,2013-03-15,2013-09-30,75.077,8.633,11.498861169199621,
OR 052912 1,2012-05-29,2012-05-30,Outright Coupon Sale,False,2014-07-15,2015-05-15,51.02,8.64,16.93453547628381,
OR 060112 1,2012-06-01,2012-06-04,Outright Coupon Sale,False,2012-09-30,2013-04-30,111.237,8.62,7.749220133588644,
OR 060712 1,2012-06-07,2012-06-08,Outright Coupon Sale,False,2013-12-15,2014-02-28,57.136,8.37,14.649257910949313,
OR 061112 1,2012-06-11,2012-06-12,Outright TIPS Sale,False,2014-01-15,2015-01-15,5.315,1.084,20.39510818438382,
OR 061812 1,2012-06-18,2012-06-19,Outright Coupon Sale,False,2013-05-15,2013-11-30,72.155,8.592,11.907698704178506,
OR 062512 1,2012-06-25,2012-06-26,Outright Coupon Sale,False,2014-03-15,2014-10-31,40.538,8.366,20.637426612067692,
OR 062812 1,2012-06-28,2012-06-29,Outright Coupon Sale,False,2014-11-15,2015-06-15,52.962,8.625,16.285261130621954,
OR 070612 1,2012-07-06,2012-07-09,Outright Coupon Sale,False,2013-01-15,2013-05-31,75.466,7.927,10.504068057138314,
OR 071212 1,2012-07-12,2012-07-13,Outright Coupon Sale,False,2013-07-31,2014-01-31,95.422,7.93,8.310452516191233,
OR 071712 1,2012-07-17,2012-07-18,Outright Coupon Sale,False,2014-02-15,2014-08-31,53.853,7.93,14.725270644160956,
OR 072012 1,2012-07-20,2012-07-23,Outright Coupon Sale,False,2014-10-31,2015-04-30,61.495,7.93,12.895357346125703,
OR 072712 1,2012-07-27,2012-07-30,Outright Coupon Sale,False,2015-05-15,2015-09-30,47.087,7.93,16.84116635164695,
OR 080312 1,2012-08-03,2012-08-06,Outright Coupon Sale,False,2013-01-15,2013-04-30,74.339,7.799,10.491128478994876,
OR 081012 1,2012-08-10,2012-08-13,Outright Coupon Sale,False,2013-07-31,2014-01-31,45.505,7.796,17.132183276563016,
OR 081512 1,2012-08-15,2012-08-16,Outright Coupon Sale,False,2014-02-15,2014-08-31,40.584,7.796,19.209540705696824,
OR 082112 1,2012-08-21,2012-08-22,Outright Coupon Sale,False,2014-10-31,2015-04-30,38.654,7.799,20.176437108708022,
OR 082412 1,2012-08-24,2012-08-27,Outright Coupon Sale,False,2015-05-15,2015-11-15,40.547,7.8,19.236934915036873,
OR 090712 1,2012-09-07,2012-09-10,Outright Coupon Sale,False,2013-02-15,2014-02-28,89.861,7.8,8.680072556503934,
OR 091212 1,2012-09-12,2012-09-13,Outright Coupon Sale,False,2014-04-15,2014-11-30,40.541,7.799,19.237315310426485,
OR 091712 2,2012-09-17,2012-09-18,Outright Coupon Sale,False,2014-12-31,2015-05-31,43.357,7.799,17.98786816431026,
OR 092012 1,2012-09-20,2012-09-21,Outright Coupon Sale,False,2015-06-15,2015-08-31,35.588,7.799,21.914690345060134,
OR 092712 1,2012-09-27,2012-09-28,Outright Coupon Sale,False,2015-09-30,2015-11-30,40.807,7.799,19.111917073051192,
OR 100512 1,2012-10-05,2012-10-09,Outright Coupon Sale,False,2013-02-15,2014-02-28,78.036,7.802,9.997949664257522,
OR 101012 2,2012-10-10,2012-10-11,Outright Coupon Sale,False,2014-04-15,2015-02-15,44.482,7.8,17.535182770558876,
OR 101712 1,2012-10-17,2012-10-18,Outright Coupon Sale,False,2015-03-15,2015-05-31,35.391,7.366,20.813201096323926,
OR 101912 1,2012-10-19,2012-10-22,Outright TIPS Sale,False,2014-04-15,2016-01-15,6.786,1.09,16.062481579722963,
OR 102312 1,2012-10-23,2012-10-24,Outright Coupon Sale,False,2015-06-15,2015-08-31,39.45,7.8,19.77186311787072,
OR 102912 1,2012-10-29,2012-10-31,Outright Coupon Sale,False,2015-11-15,2015-12-31,49.204,7.8,15.852369726038532,
OR 110212 1,2012-11-02,2012-11-05,Outright Coupon Sale,False,2013-02-15,2014-04-30,50.28,7.67,15.254574383452665,
OR 110712 2,2012-11-07,2012-11-08,Outright Coupon Sale,False,2014-05-31,2015-04-30,45.605,7.67,16.818331323319814,
OR 111412 1,2012-11-14,2012-11-15,Outright Coupon Sale,False,2015-05-15,2015-06-30,41.45,7.67,18.50422195416164,
OR 111912 1,2012-11-19,2012-11-20,Outright Coupon Sale,False,2015-07-31,2015-11-15,28.167,7.22,25.632832747541446,
OR 112112 1,2012-11-21,2012-11-23,Outright Coupon Sale,False,2015-11-30,2016-01-31,43.283,7.67,17.720583138876695,
OR 120312 1,2012-12-03,2012-12-04,Outright Coupon Sale,False,2015-12-31,2016-01-31,34.033,7.828,23.001204713072607,
OR 120712 1,2012-12-07,2012-12-10,Outright Coupon Sale,False,2013-11-15,2015-02-15,82.619,7.593,9.190379936818408,
OR 121312 2,2012-12-13,2012-12-14,Outright Coupon Sale,False,2015-04-15,2015-05-31,41.755,7.586,18.167884085738233,
OR 121812 2,2012-12-18,2012-12-19,Outright Coupon Sale,False,2015-06-30,2015-11-30,40.247,7.6,18.883395035654832,
OR 122012 2,2012-12-20,2012-12-21,Outright Coupon Sale,False,2015-12-31,2016-01-31,30.703,7.421,24.17027652020975,
OR 052416 1,2016-05-24,2016-05-25,Outright Coupon Sale,False,2018-05-31,2019-05-15,0.22,0.2,90.90909090909092,
OR 120616 1,2016-12-06,2016-12-07,Outright Coupon Sale,False,2024-11-15,2026-08-15,1.869,0.4,21.401819154628143,
OR 051117 2,2017-05-11,2017-05-12,Outright Coupon Sale,False,2022-02-15,2023-01-31,1.694,0.2,11.80637544273908,
OR 120617 2,2017-12-06,2017-12-07,Outright Coupon Sale,False,2038-02-15,2047-11-15,1.191,0.2,16.79261125104954,
OR 040518 1,2018-04-05,2018-04-06,Outright TIPS Sale,False,2020-04-15,2028-01-15,4.045,0.1,2.4721878862793574,
OR 101818 1,2018-10-18,2018-10-19,Outright Bill Sale,False,2018-11-08,2018-11-15,0.542,0.047,8.671586715867157,
OR 051519 1,2019-05-15,2019-05-16,Outright Bill Sale,False,2019-06-11,2019-06-18,0.624,0.05,8.012820512820513,
OR 120519 2,2019-12-05,2019-12-06,Outright FRN Sale,False,2020-01-31,2021-10-31,0.709,0.05,7.052186177715091,
OR 061620 3,2020-06-16,2020-06-17,Outright Coupon Sale,False,2024-12-31,2027-05-31,0.546,0.025,4.5787545787545785,
OR 111820 5,2020-11-18,2020-11-19,Outright Coupon Sale,False,2023-02-28,2025-05-15,0.856,0.025,2.9205607476635516,
OR 032921 2,2021-03-29,2021-03-30,Outright Coupon Purchase,False,2023-06-30,2025-08-31,19.405,8.801,45.35429013140943,
OR 033021 2,2021-03-30,2021-03-31,Outright TIPS Purchase,False,2029-01-15,2051-02-15,3.146,1.199,38.11188811188811,
OR 033121 2,2021-03-31,2021-04-01,Outright Coupon Purchase,False,2041-05-15,2051-02-15,4.646,1.734,37.32242789496341,
OR 040521 2,2021-04-05,2021-04-06,Outright Coupon Purchase,False,2021-04-15,2023-06-30,46.852,12.801,27.322206095791003,
OR 040621 2,2021-04-06,2021-04-07,Outright Coupon Purchase,False,2041-05-15,2051-02-15,3.985,1.734,43.51317440401506,
OR 040721 2,2021-04-07,2021-04-08,Outright Coupon Purchase,False,2025-10-31,2028-03-31,19.337,6.001,31.03376945751668,
OR 040821 2,2021-04-08,2021-04-09,Outright TIPS Purchase,False,2022-04-15,2028-07-15,4.808,2.401,49.937603993344425,
OR 040921 2,2021-04-09,2021-04-12,Outright Coupon Purchase,False,2028-05-15,2041-02-15,9.143,3.601,39.385322104342116,
OR 041221 1,2021-04-12,2021-04-13,Outright Coupon Purchase,False,2041-05-15,2051-02-15,4.71,1.735,36.83651804670913,
OR 041421 2,2021-04-14,2021-04-15,Outright Coupon Purchase,False,2021-04-15,2023-06-30,46.828,12.801,27.33620910566328,
OR 041521 1,2021-04-15,2021-04-16,Outright Coupon Purchase,False,2041-05-15,2051-02-15,3.375,1.732,51.318518518518516,
OR 041621 2,2021-04-16,2021-04-19,Outright TIPS Purchase,False,2029-01-15,2051-02-15,1.77,1.199,67.74011299435028,
OR 041921 1,2021-04-19,2021-04-20,Outright Coupon Purchase,False,2023-07-31,2025-09-30,28.148,8.801,31.26687508881626,
OR 042021 2,2021-04-20,2021-04-21,Outright Coupon Purchase,False,2041-05-15,2051-02-15,4.793,1.732,36.136031712914665,
OR 042121 2,2021-04-21,2021-04-22,Outright Coupon Purchase,False,2025-10-31,2028-03-31,18.56,6.001,32.33297413793104,
OR 042221 2,2021-04-22,2021-04-23,Outright Coupon Purchase,False,2041-05-15,2051-02-15,3.624,1.735,47.87527593818985,
OR 042321 2,2021-04-23,2021-04-26,Outright TIPS Purchase,False,2022-07-15,2028-07-15,5.518,2.401,43.51214208046393,
OR 042621 2,2021-04-26,2021-04-27,Outright Coupon Purchase,False,2028-05-15,2041-02-15,9.1,3.601,39.57142857142858,
OR 042921 2,2021-04-29,2021-04-30,Outright Coupon Purchase,False,2041-05-15,2051-02-15,5.197,1.734,33.36540311718299,
OR 043021 2,2021-04-30,2021-05-03,Outright Coupon Purchase,False,2021-05-15,2023-07-31,47.196,12.801,27.123061276379357,
OR 050321 2,2021-05-03,2021-05-04,Outright Coupon Purchase,False,2023-08-15,2025-10-31,27.933,8.801,31.507535889449755,
OR 050421 2,2021-05-04,2021-05-05,Outright Coupon Purchase,False,2041-05-15,2051-02-15,5.551,1.734,31.237614844172217,
OR 050521 2,2021-05-05,2021-05-06,Outright Coupon Purchase,False,2025-11-15,2028-04-30,18.282,6.001,32.824636254239145,
OR 050621 2,2021-05-06,2021-05-07,Outright TIPS Purchase,False,2029-01-15,2051-02-15,2.677,1.201,44.863653343294736,
OR 051021 2,2021-05-10,2021-05-11,Outright Coupon Purchase,False,2028-05-15,2041-02-15,11.272,3.601,31.946415897799856,
OR 051121 1,2021-05-11,2021-05-12,Outright TIPS Purchase,False,2022-07-15,2028-07-15,7.715,2.401,31.121192482177573,
OR 051221 2,2021-05-12,2021-05-13,Outright Coupon Purchase,False,2041-05-15,2051-02-15,5.384,1.735,32.22511144130758,
OR 051421 1,2021-05-14,2021-05-17,Outright Coupon Purchase,False,2021-05-31,2023-07-31,42.745,12.401,29.011580301789685,
OR 051721 2,2021-05-17,2021-05-18,Outright Coupon Purchase,False,2036-02-15,2043-11-15,5.809,1.401,24.117748321569977,
OR 051821 1,2021-05-18,2021-05-19,Outright TIPS Purchase,False,2029-01-15,2051-02-15,2.55,1.199,47.019607843137265,
OR 051921 2,2021-05-19,2021-05-20,Outright Coupon Purchase,False,2025-11-30,2028-05-15,15.686,6.001,38.25704449827872,
OR 052021 2,2021-05-20,2021-05-21,Outright Coupon Purchase,False,2044-02-15,2051-05-15,5.802,2.001,34.488107549121,
OR 052121 2,2021-05-21,2021-05-24,Outright Coupon Purchase,False,2028-08-15,2031-05-15,10.794,3.201,29.655364091161758,
OR 052421 2,2021-05-24,2021-05-25,Outright TIPS Purchase,False,2022-07-15,2028-07-15,4.696,2.001,42.610732538330495,
OR 052521 2,2021-05-25,2021-05-26,Outright Coupon Purchase,False,2036-02-15,2043-11-15,5.084,1.401,27.557041699449254,
OR 052621 2,2021-05-26,2021-05-27,Outright Coupon Purchase,False,2023-08-31,2025-11-15,40.237,8.401,20.878793150582794,
OR 052721 2,2021-05-27,2021-05-28,Outright Coupon Purchase,False,2044-02-15,2051-05-15,6.713,2.001,29.807835542976314,
OR 052821 2,2021-05-28,2021-06-01,Outright Coupon Purchase,False,2021-05-31,2023-08-15,66.84,12.401,18.553261520047876,
OR 060121 2,2021-06-01,2021-06-02,Outright Coupon Purchase,False,2023-09-15,2025-11-30,32.966,8.401,25.48383182673057,
OR 060221 2,2021-06-02,2021-06-03,Outright TIPS Purchase,False,2029-01-15,2051-02-15,2.828,1.201,42.468175388967474,
OR 060221 4,2021-06-02,2021-06-03,Outright FRN Sale,False,2021-07-31,2023-04-30,0.551,0.025,4.537205081669692,
OR 060321 2,2021-06-03,2021-06-04,Outright Coupon Purchase,False,2044-02-15,2051-05-15,5.65,2.001,35.41592920353982,
OR 060421 2,2021-06-04,2021-06-07,Outright Coupon Purchase,False,2028-08-15,2031-05-15,11.664,3.201,27.443415637860085,
OR 060721 2,2021-06-07,2021-06-08,Outright Coupon Purchase,False,2036-02-15,2043-11-15,5.687,1.401,24.63513275892386,
OR 060821 2,2021-06-08,2021-06-09,Outright TIPS Purchase,False,2022-07-15,2028-07-15,7.024,2.001,28.488041002277903,
OR 060921 2,2021-06-09,2021-06-10,Outright Coupon Purchase,False,2044-02-15,2051-05-15,4.99,2.001,40.1002004008016,
OR 061021 1,2021-06-10,2021-06-11,Outright Coupon Purchase,False,2025-12-31,2028-05-31,20.067,6.001,29.904818856829625,
OR 061121 2,2021-06-11,2021-06-14,Outright Coupon Purchase,False,2036-02-15,2043-11-15,4.845,1.401,28.916408668730654,
OR 061421 2,2021-06-14,2021-06-15,Outright Coupon Purchase,False,2021-06-15,2023-08-31,48.056,12.401,25.805310471117032,
OR 061521 1,2021-06-15,2021-06-16,Outright TIPS Purchase,False,2029-01-15,2051-02-15,2.335,1.201,51.434689507494646,
OR 061721 1,2021-06-17,2021-06-18,Outright Coupon Purchase,False,2044-02-15,2051-05-15,4.419,2.001,45.28173794976239,
OR 061821 2,2021-06-18,2021-06-21,Outright Coupon Purchase,False,2028-08-15,2031-05-15,6.905,3.199,46.32874728457639,
OR 062121 2,2021-06-21,2021-06-22,Outright Coupon Purchase,False,2036-02-15,2043-11-15,3.996,1.401,35.06006006006006,
OR 062221 2,2021-06-22,2021-06-23,Outright TIPS Purchase,False,2022-07-15,2028-07-15,3.954,1.999,50.55639858371269,
OR 062321 2,2021-06-23,2021-06-24,Outright Coupon Purchase,False,2025-12-31,2028-05-31,15.933,6.001,37.66396786543652,
OR 062421 2,2021-06-24,2021-06-25,Outright Coupon Purchase,False,2044-02-15,2051-05-15,4.631,2.001,43.20881019218311,
OR 062521 2,2021-06-25,2021-06-28,Outright Coupon Purchase,False,2023-09-30,2025-11-30,24.332,8.401,34.526549399967124,
OR 062821 2,2021-06-28,2021-06-29,Outright Coupon Purchase,False,2036-02-15,2043-11-15,3.668,1.401,38.19520174482006,
OR 062921 2,2021-06-29,2021-06-30,Outright TIPS Purchase,False,2029-01-15,2051-02-15,3.004,1.199,39.913448735019976,
OR 063021 2,2021-06-30,2021-07-01,Outright Coupon Purchase,False,2028-08-15,2031-05-15,7.591,3.201,42.16835726518246,
OR 070121 2,2021-07-01,2021-07-02,Outright Coupon Purchase,False,2044-02-15,2051-05-15,4.75,1.999,42.08421052631579,
OR 070621 2,2021-07-06,2021-07-07,Outright Coupon Purchase,False,2021-07-15,2023-09-30,40.051,12.401,30.963022146762874,
OR 070721 2,2021-07-07,2021-07-08,Outright Coupon Purchase,False,2036-02-15,2043-11-15,3.566,1.401,39.28771733034212,
OR 070821 2,2021-07-08,2021-07-09,Outright Coupon Purchase,False,2023-10-15,2025-12-31,26.791,8.401,31.35754544436564,
OR 070921 2,2021-07-09,2021-07-12,Outright Coupon Purchase,False,2044-02-15,2051-05-15,4.781,2.001,41.85316879313951,
OR 071221 1,2021-07-12,2021-07-13,Outright TIPS Purchase,False,2022-07-15,2028-07-15,3.931,2.001,50.90307809717629,
OR 071321 2,2021-07-13,2021-07-14,Outright Coupon Purchase,False,2026-01-31,2028-06-30,17.024,5.999,35.23848684210526,
OR 071421 2,2021-07-14,2021-07-15,Outright Coupon Purchase,False,2036-02-15,2043-11-15,3.774,1.401,37.12241653418124,
OR 071521 1,2021-07-15,2021-07-16,Outright Coupon Purchase,False,2021-07-31,2023-10-15,48.705,12.401,25.46145159634535,
OR 071621 2,2021-07-16,2021-07-19,Outright Coupon Purchase,False,2028-08-15,2031-05-15,9.733,3.201,32.88811260659612,
OR 071921 1,2021-07-19,2021-07-20,Outright Coupon Purchase,False,2036-02-15,2043-11-15,3.099,1.401,45.208131655372696,
OR 072021 2,2021-07-20,2021-07-21,Outright TIPS Purchase,False,2029-04-15,2051-02-15,2.114,1.199,56.71712393566699,
OR 072121 2,2021-07-21,2021-07-22,Outright Coupon Purchase,False,2023-10-31,2025-12-31,31.868,8.401,26.361867704280158,
OR 072221 2,2021-07-22,2021-07-23,Outright Coupon Purchase,False,2044-02-15,2051-05-15,4.66,2.001,42.93991416309012,
OR 072321 2,2021-07-23,2021-07-26,Outright Coupon Purchase,False,2026-01-31,2028-06-30,18.151,6.001,33.061539309128975,
OR 072621 2,2021-07-26,2021-07-27,Outright TIPS Purchase,False,2023-01-15,2029-01-15,3.403,1.999,58.742286218042906,
OR 072721 2,2021-07-27,2021-07-28,Outright Coupon Purchase,False,2036-02-15,2043-11-15,2.859,1.401,49.00314795383001,
OR 072921 2,2021-07-29,2021-07-30,Outright Coupon Purchase,False,2044-02-15,2051-05-15,5.653,2.001,35.39713426499204,
OR 073021 2,2021-07-30,2021-08-02,Outright Coupon Purchase,False,2023-10-31,2025-12-31,21.043,8.401,39.923014779261514,
OR 080221 2,2021-08-02,2021-08-03,Outright TIPS Purchase,False,2029-04-15,2051-02-15,1.922,1.199,62.38293444328825,
OR 080321 2,2021-08-03,2021-08-04,Outright Coupon Purchase,False,2036-02-15,2043-11-15,3.506,1.401,39.96006845407872,
OR 080421 2,2021-08-04,2021-08-05,Outright Coupon Purchase,False,2028-08-15,2031-05-15,8.12,3.201,39.42118226600986,
OR 080521 2,2021-08-05,2021-08-06,Outright Coupon Purchase,False,2044-02-15,2051-05-15,4.931,2.001,40.58000405597242,
OR 080621 2,2021-08-06,2021-08-09,Outright Coupon Purchase,False,2021-08-15,2023-10-31,43.826,12.401,28.295988682517226,
OR 080921 2,2021-08-09,2021-08-10,Outright Coupon Purchase,False,2036-02-15,2043-11-15,3.586,1.401,39.068600111544896,
OR 081021 1,2021-08-10,2021-08-11,Outright Coupon Purchase,False,2026-02-15,2028-07-31,19.629,6.001,30.57211269040705,
OR 081121 2,2021-08-11,2021-08-12,Outright Coupon Purchase,False,2044-02-15,2051-05-15,5.2,2.001,38.480769230769226,
OR 081221 2,2021-08-12,2021-08-13,Outright TIPS Purchase,False,2023-01-15,2029-01-15,3.582,2.001,55.86264656616415,
OR 081321 1,2021-08-13,2021-08-16,Outright Coupon Purchase,False,2021-08-15,2023-10-31,34.314,12.401,36.13976802471294,
OR 081621 2,2021-08-16,2021-08-17,Outright Coupon Purchase,False,2036-02-15,2044-02-15,3.259,1.401,42.9886468241792,
OR 081721 1,2021-08-17,2021-08-18,Outright TIPS Purchase,False,2029-04-15,2051-02-15,2.78,1.201,43.20143884892087,
OR 081821 2,2021-08-18,2021-08-19,Outright Coupon Purchase,False,2023-11-30,2026-02-15,23.319,8.401,36.02641622711094,
OR 081921 2,2021-08-19,2021-08-20,Outright Coupon Purchase,False,2026-02-28,2028-08-15,21.522,6.001,27.883096366508692,
OR 082021 2,2021-08-20,2021-08-23,Outright Coupon Purchase,False,2044-05-15,2051-08-15,3.284,1.999,60.870889159561514,
OR 082321 2,2021-08-23,2021-08-24,Outright Coupon Purchase,False,2028-11-15,2031-08-15,8.131,3.201,39.36785143278809,
OR 082421 2,2021-08-24,2021-08-25,Outright TIPS Purchase,False,2023-01-15,2029-01-15,3.791,2.001,52.78290688472699,
OR 082521 2,2021-08-25,2021-08-26,Outright Coupon Purchase,False,2036-02-15,2044-02-15,4.204,1.401,33.32540437678402,
OR 082621 2,2021-08-26,2021-08-27,Outright Coupon Purchase,False,2021-08-31,2023-11-15,42.281,12.401,29.329959083276176,
OR 082721 1,2021-08-27,2021-08-30,Outright Coupon Purchase,False,2044-05-15,2051-08-15,3.845,2.001,52.04161248374511,
OR 083021 2,2021-08-30,2021-08-31,Outright TIPS Purchase,False,2029-04-15,2051-02-15,4.029,1.201,29.808885579548278,
OR 083121 2,2021-08-31,2021-09-01,Outright Coupon Purchase,False,2036-02-15,2044-02-15,3.65,1.401,38.38356164383562,
OR 090121 2,2021-09-01,2021-09-02,Outright Coupon Purchase,False,2028-11-15,2031-08-15,4.71,3.199,67.91932059447983,
OR 090221 3,2021-09-02,2021-09-03,Outright Coupon Purchase,False,2044-05-15,2051-08-15,4.23,2.001,47.30496453900708,
OR 090721 2,2021-09-07,2021-09-08,Outright Coupon Purchase,False,2036-02-15,2044-02-15,3.673,1.401,38.143207187585084,
OR 090821 2,2021-09-08,2021-09-09,Outright TIPS Purchase,False,2023-01-15,2029-01-15,4.397,2.001,45.508301114396176,
OR 090921 2,2021-09-09,2021-09-10,Outright Coupon Purchase,False,2026-03-31,2028-08-31,14.775,6.001,40.61590524534687,
OR 091021 1,2021-09-10,2021-09-13,Outright Coupon Purchase,False,2023-12-15,2026-02-28,25.352,8.401,33.13742505522247,
OR 091321 2,2021-09-13,2021-09-14,Outright Coupon Purchase,False,2044-05-15,2051-08-15,3.77,2.001,53.07692307692308,
OR 091521 2,2021-09-15,2021-09-16,Outright Coupon Purchase,False,2021-09-30,2023-12-15,38.125,12.401,32.5272131147541,
OR 091621 2,2021-09-16,2021-09-17,Outright Coupon Purchase,False,2044-05-15,2051-08-15,4.33,2.001,46.212471131639724,
OR 091721 1,2021-09-17,2021-09-20,Outright TIPS Purchase,False,2023-01-15,2029-01-15,6.204,2.001,32.25338491295938,
OR 092021 2,2021-09-20,2021-09-21,Outright Coupon Purchase,False,2028-11-15,2031-08-15,7.151,3.199,44.73500209760872,
OR 092121 2,2021-09-21,2021-09-22,Outright TIPS Purchase,False,2029-04-15,2051-02-15,3.042,1.201,39.48060486522025,
OR 092321 2,2021-09-23,2021-09-24,Outright Coupon Purchase,False,2036-02-15,2044-02-15,4.334,1.401,32.32579603137979,
OR 092421 2,2021-09-24,2021-09-27,Outright Coupon Purchase,False,2026-03-31,2028-08-31,20.032,6.001,29.957068690095852,
OR 092721 2,2021-09-27,2021-09-28,Outright Coupon Purchase,False,2036-02-15,2044-02-15,4.146,1.401,33.79160636758321,
OR 092821 2,2021-09-28,2021-09-29,Outright Coupon Purchase,False,2023-12-31,2026-02-28,18.988,8.401,44.24373288392669,
OR 092921 2,2021-09-29,2021-09-30,Outright Coupon Purchase,False,2044-05-15,2051-08-15,4.937,2.001,40.530686651812836,
OR 093021 2,2021-09-30,2021-10-01,Outright TIPS Purchase,False,2023-01-15,2029-01-15,8.298,2.001,24.114244396240057,
OR 100121 2,2021-10-01,2021-10-04,Outright Coupon Purchase,False,2024-01-15,2026-03-31,14.378,8.401,58.42954513840589,
OR 100421 2,2021-10-04,2021-10-05,Outright Coupon Purchase,False,2044-05-15,2051-08-15,5.372,1.999,37.2114668652271,
OR 100521 2,2021-10-05,2021-10-06,Outright Coupon Purchase,False,2028-11-15,2031-08-15,7.622,3.201,41.996851220152195,
OR 100621 2,2021-10-06,2021-10-07,Outright Coupon Purchase,False,2036-02-15,2044-02-15,3.838,1.401,36.503387180823346,
OR 100721 2,2021-10-07,2021-10-08,Outright TIPS Purchase,False,2029-04-15,2051-02-15,2.974,1.201,40.38332212508406,
OR 100821 2,2021-10-08,2021-10-12,Outright Coupon Purchase,False,2021-10-15,2023-12-31,45.1,12.401,27.496674057649667,
OR 101221 1,2021-10-12,2021-10-13,Outright Coupon Purchase,False,2036-02-15,2044-02-15,4.108,1.401,34.104186952288224,
OR 101321 2,2021-10-13,2021-10-14,Outright Coupon Purchase,False,2026-04-30,2028-09-30,12.392,5.999,48.41026468689477,
OR 101421 2,2021-10-14,2021-10-15,Outright Coupon Purchase,False,2044-05-15,2051-08-15,4.827,2.001,41.454319453076444,
OR 101521 1,2021-10-15,2021-10-18,Outright Coupon Purchase,False,2021-10-31,2024-01-15,30.774,12.401,40.29700396438552,
OR 101821 2,2021-10-18,2021-10-19,Outright Coupon Purchase,False,2044-05-15,2051-08-15,4.042,1.999,49.45571499257794,
OR 101921 1,2021-10-19,2021-10-20,Outright Coupon Purchase,False,2024-01-31,2026-03-31,32.147,8.401,26.133076181292193,
OR 101921 2,2021-10-19,2021-10-20,Outright TIPS Purchase,False,2023-01-15,2029-04-15,5.485,2.001,36.48131267092069,
OR 102021 3,2021-10-20,2021-10-21,Outright Coupon Purchase,False,2028-11-15,2031-08-15,8.333,3.201,38.41353654146166,
OR 102121 2,2021-10-21,2021-10-22,Outright Coupon Purchase,False,2036-02-15,2044-02-15,3.944,1.401,35.52231237322515,
OR 102221 2,2021-10-22,2021-10-25,Outright Coupon Purchase,False,2026-04-30,2028-09-30,20.799,6.001,28.852348670609167,
OR 102521 2,2021-10-25,2021-10-26,Outright Coupon Purchase,False,2044-05-15,2051-08-15,4.227,1.999,47.2912230896617,
OR 102621 2,2021-10-26,2021-10-27,Outright TIPS Purchase,False,2029-07-15,2051-02-15,1.691,1.199,70.90479006505028,
OR 102721 2,2021-10-27,2021-10-28,Outright Coupon Purchase,False,2036-02-15,2044-02-15,4.3,1.401,32.58139534883721,
OR 102821 2,2021-10-28,2021-10-29,Outright Coupon Purchase,False,2021-10-31,2024-01-15,40.273,12.401,30.79234226404787,
OR 102921 2,2021-10-29,2021-11-01,Outright Coupon Purchase,False,2036-02-15,2044-02-15,4.722,1.401,29.669631512071152,
OR 110121 2,2021-11-01,2021-11-02,Outright Coupon Purchase,False,2044-05-15,2051-08-15,4.601,1.999,43.44707672245164,
OR 110221 2,2021-11-02,2021-11-03,Outright TIPS Purchase,False,2023-01-15,2029-04-15,5.458,2.001,36.66178087211433,
OR 110421 2,2021-11-04,2021-11-05,Outright Coupon Purchase,False,2026-05-15,2028-10-31,12.901,5.999,46.500271296798694,
OR 110421 3,2021-11-04,2021-11-05,Outright Coupon Purchase,False,2036-02-15,2044-02-15,4.024,1.401,34.81610337972167,
OR 110521 2,2021-11-05,2021-11-08,Outright Coupon Purchase,False,2024-02-15,2026-04-30,22.622,8.401,37.13641587834851,
OR 110821 1,2021-11-08,2021-11-09,Outright Coupon Purchase,False,2044-05-15,2051-08-15,3.768,1.999,53.052016985138,
OR 110921 2,2021-11-09,2021-11-10,Outright TIPS Purchase,False,2029-07-15,2051-02-15,1.779,1.199,67.39741427768409,
OR 111021 2,2021-11-10,2021-11-12,Outright Coupon Purchase,False,2028-11-15,2031-08-15,6.841,3.201,46.791404765385174,
OR 111021 4,2021-11-10,2021-11-12,Outright FRN Sale,False,2022-01-31,2023-10-31,0.589,0.025,4.244482173174873,
OR 111521 2,2021-11-15,2021-11-16,Outright Coupon Purchase,False,2021-11-30,2024-02-15,39.274,10.851,27.628965727962523,
OR 111621 1,2021-11-16,2021-11-17,Outright Coupon Purchase,False,2026-05-31,2028-11-15,15.666,5.251,33.518447593514615,
OR 111621 2,2021-11-16,2021-11-17,Outright Coupon Purchase,False,2036-02-15,2044-05-15,4.01,1.401,34.93765586034913,
OR 111821 2,2021-11-18,2021-11-19,Outright Coupon Purchase,False,2044-08-15,2051-11-15,3.762,1.576,41.89261031366295,
OR 111921 2,2021-11-19,2021-11-22,Outright TIPS Purchase,False,2023-01-15,2029-04-15,6.036,1.751,29.009277667329357,
OR 112221 2,2021-11-22,2021-11-23,Outright Coupon Purchase,False,2036-02-15,2044-05-15,3.704,1.401,37.823974082073434,
OR 112421 2,2021-11-24,2021-11-26,Outright TIPS Purchase,False,2029-07-15,2051-02-15,1.824,1.051,57.62061403508771,
OR 112921 2,2021-11-29,2021-11-30,Outright Coupon Purchase,False,2024-02-29,2026-05-15,22.425,7.351,32.7803790412486,
OR 113021 2,2021-11-30,2021-12-01,Outright Coupon Purchase,False,2029-02-15,2031-11-15,7.36,2.801,38.057065217391305,
OR 113021 3,2021-11-30,2021-12-01,Outright Coupon Purchase,False,2044-08-15,2051-11-15,2.555,1.574,61.60469667318982,
OR 120121 2,2021-12-01,2021-12-02,Outright Coupon Purchase,False,2026-06-30,2028-11-30,15.925,5.251,32.97331240188383,
OR 120221 2,2021-12-02,2021-12-03,Outright TIPS Purchase,False,2029-07-15,2051-02-15,1.684,1.051,62.410926365795724,
OR 120321 2,2021-12-03,2021-12-06,Outright Coupon Purchase,False,2036-02-15,2044-05-15,3.839,1.401,36.49387861422245,
OR 120621 2,2021-12-06,2021-12-07,Outright TIPS Purchase,False,2023-01-15,2029-04-15,4.66,1.751,37.57510729613733,
OR 120721 2,2021-12-07,2021-12-08,Outright Coupon Purchase,False,2044-08-15,2051-11-15,2.655,1.574,59.2843691148776,
OR 120821 2,2021-12-08,2021-12-09,Outright Coupon Purchase,False,2024-03-15,2026-05-31,19.865,7.351,37.004782280392654,
OR 120921 1,2021-12-09,2021-12-10,Outright Coupon Purchase,False,2021-12-15,2024-02-29,33.433,10.851,32.45595668949841,
OR 120921 2,2021-12-09,2021-12-10,Outright Coupon Purchase,False,2036-02-15,2044-05-15,5.073,1.401,27.61679479597871,
OR 121021 2,2021-12-10,2021-12-13,Outright Coupon Purchase,False,2029-02-15,2031-11-15,5.541,2.799,50.51434759068759,
OR 121321 2,2021-12-13,2021-12-14,Outright Coupon Purchase,False,2044-08-15,2051-11-15,2.447,1.574,64.32366162648141,
OR 121421 1,2021-12-14,2021-12-15,Outright Coupon Purchase,False,2021-12-15,2024-02-29,31.951,9.301,29.110199993740416,
OR 121621 1,2021-12-16,2021-12-17,Outright Coupon Purchase,False,2036-02-15,2044-05-15,4.693,1.601,34.114638823780105,
OR 121621 2,2021-12-16,2021-12-17,Outright TIPS Purchase,False,2023-01-15,2029-04-15,2.57,1.501,58.404669260700395,
OR 121721 2,2021-12-17,2021-12-20,Outright Coupon Purchase,False,2044-08-15,2051-11-15,3.096,1.799,58.10723514211886,
OR 122021 2,2021-12-20,2021-12-21,Outright Coupon Purchase,False,2026-06-30,2028-11-30,11.752,4.501,38.299863852961195,
OR 122121 2,2021-12-21,2021-12-22,Outright TIPS Purchase,False,2029-07-15,2051-02-15,0.979,0.899,91.82839632277835,
OR 122221 2,2021-12-22,2021-12-23,Outright Coupon Purchase,False,2036-02-15,2044-05-15,4.062,1.601,39.41408173313638,
OR 010322 2,2022-01-03,2022-01-04,Outright Coupon Purchase,False,2024-04-15,2026-06-30,11.995,6.301,52.530220925385585,
OR 010422 2,2022-01-04,2022-01-05,Outright TIPS Purchase,False,2023-01-15,2029-04-15,5.048,1.501,29.734548335974644,
OR 010522 2,2022-01-05,2022-01-06,Outright Coupon Purchase,False,2029-02-15,2031-11-15,9.538,2.401,25.17299224156007,
OR 010522 3,2022-01-05,2022-01-06,Outright Coupon Purchase,False,2044-08-15,2051-11-15,3.469,1.801,51.9169789564716,
OR 010622 2,2022-01-06,2022-01-07,Outright TIPS Purchase,False,2029-07-15,2051-02-15,1.721,0.901,52.35328297501452,
OR 010722 2,2022-01-07,2022-01-10,Outright Coupon Purchase,False,2022-01-15,2024-03-31,38.962,9.301,23.871977824546992,
OR 011022 2,2022-01-10,2022-01-11,Outright Coupon Purchase,False,2029-02-15,2031-11-15,7.108,2.401,33.77884074282498,
OR 011122 1,2022-01-11,2022-01-12,Outright Coupon Purchase,False,2026-07-31,2028-12-31,14.155,4.501,31.797951253973867,
OR 011122 2,2022-01-11,2022-01-12,Outright Coupon Purchase,False,2036-02-15,2044-05-15,3.28,1.601,48.8109756097561,
OR 011222 2,2022-01-12,2022-01-13,Outright Coupon Purchase,False,2044-08-15,2051-11-15,3.364,1.799,53.47800237812128,
OR 011322 1,2022-01-13,2022-01-14,Outright Coupon Purchase,False,2024-04-15,2026-06-30,17.129,6.301,36.78556833440364,
OR 011922 2,2022-01-19,2022-01-20,Outright Coupon Purchase,False,2026-07-31,2028-12-31,20.212,6.001,29.690283000197905,
OR 012022 2,2022-01-20,2022-01-21,Outright Coupon Purchase,False,2036-02-15,2044-05-15,4.062,1.601,39.41408173313638,
OR 012122 2,2022-01-21,2022-01-24,Outright Coupon Purchase,False,2022-01-31,2024-04-15,42.943,12.401,28.877814777728616,
OR 012522 2,2022-01-25,2022-01-26,Outright TIPS Purchase,False,2023-04-15,2029-07-15,2.829,1.999,70.66101095793567,
OR 012722 2,2022-01-27,2022-01-28,Outright Coupon Purchase,False,2044-08-15,2051-11-15,3.874,1.799,46.43779039752194,
OR 013122 2,2022-01-31,2022-02-01,Outright Coupon Purchase,False,2024-05-15,2026-07-31,24.87,8.401,33.77965420184962,
OR 020122 2,2022-02-01,2022-02-02,Outright TIPS Purchase,False,2030-01-15,2051-02-15,2.551,1.201,47.07957663661309,
OR 020322 2,2022-02-03,2022-02-04,Outright Coupon Purchase,False,2036-02-15,2044-05-15,4.193,1.601,38.18268542809445,
OR 020822 2,2022-02-08,2022-02-09,Outright Coupon Purchase,False,2044-08-15,2051-11-15,3.665,1.801,49.14051841746248,
OR 021022 1,2022-02-10,2022-02-11,Outright Coupon Purchase,False,2029-02-15,2031-11-15,8.064,3.201,39.694940476190474,
OR 021522 1,2022-02-15,2022-02-16,Outright Coupon Purchase,False,2026-08-31,2029-02-15,16.425,3.201,19.488584474885844,
OR 021722 1,2022-02-17,2022-02-18,Outright Coupon Purchase,False,2036-02-15,2044-08-15,5.64,1.601,28.386524822695037,
OR 022222 2,2022-02-22,2022-02-23,Outright TIPS Purchase,False,2023-04-15,2029-07-15,2.747,1.001,36.439752457226064,
OR 022522 2,2022-02-25,2022-02-28,Outright Coupon Purchase,False,2022-02-28,2024-05-15,32.145,6.201,19.29071395240317,
OR 030122 2,2022-03-01,2022-03-02,Outright TIPS Purchase,False,2030-01-15,2052-02-15,2.413,0.601,24.90675507666805,
OR 030322 2,2022-03-03,2022-03-04,Outright Coupon Purchase,False,2029-05-15,2032-02-15,5.794,1.599,27.597514670348637,
OR 030822 2,2022-03-08,2022-03-09,Outright Coupon Purchase,False,2044-11-15,2052-02-15,3.133,1.799,57.42100223428024,
OR 030922 2,2022-03-09,2022-03-10,Outright Coupon Purchase,False,2024-06-15,2026-08-31,17.398,4.001,22.99689619496494,
OR 062822 2,2022-06-28,2022-06-29,Outright Coupon Sale,False,2045-02-15,2052-05-15,0.287,0.025,8.710801393728223,
OR 102422 1,2022-10-24,2022-10-25,Outright Coupon Purchase,False,2022-10-31,2025-01-15,2.508,0.075,2.9904306220095696,
OR 102622 1,2022-10-26,2022-10-27,Outright Coupon Purchase,False,2036-02-15,2045-02-15,0.536,0.05,9.328358208955224,
OR 110822 1,2022-11-08,2022-11-09,Outright TIPS Purchase,False,2030-07-15,2052-02-15,0.39,0.025,6.4102564102564115,
OR 121922 1,2022-12-19,2022-12-20,Outright Coupon Purchase,False,2025-03-31,2027-05-31,0.717,0.075,10.460251046025103,
OR 010923 1,2023-01-09,2023-01-10,Outright Coupon Sale,False,2023-01-15,2025-03-31,2.228,0.075,3.366247755834829,
OR 021623 1,2023-02-16,2023-02-17,Outright Coupon Purchase,False,2030-05-15,2033-02-15,0.603,0.05,8.291873963515755,
OR 030223 1,2023-03-02,2023-03-03,Outright Coupon Purchase,False,2045-11-15,2053-02-15,0.399,0.05,12.531328320802004,
OR 030723 1,2023-03-07,2023-03-08,Outright Coupon Sale,False,2027-09-30,2030-02-28,0.51,0.05,9.803921568627452,
OR 042523 1,2023-04-25,2023-04-26,Outright Coupon Purchase,False,2027-10-31,2030-03-31,0.722,0.05,6.9252077562326875,
OR 050423 1,2023-05-04,2023-05-05,Outright TIPS Purchase,False,2024-07-15,2030-07-15,0.571,0.025,4.378283712784589,
OR 050923 1,2023-05-09,2023-05-10,Outright Bill Purchase,False,2023-05-11,2024-04-18,1.391,0.075,5.391804457225017,
OR 061523 1,2023-06-15,2023-06-16,Outright Coupon Purchase,False,2036-02-15,2045-11-15,0.463,0.05,10.799136069114471,
OR 062723 1,2023-06-27,2023-06-28,Outright TIPS Sale,False,2031-01-15,2053-02-15,0.342,0.025,7.309941520467836,
OR 071123 1,2023-07-11,2023-07-12,Outright Bill Purchase,False,2023-07-13,2024-06-13,2.388,0.075,3.1407035175879394,
OR 082223 1,2023-08-22,2023-08-23,Outright Coupon Purchase,False,2025-11-30,2028-02-15,0.472,0.075,15.889830508474576,
OR 090723 2,2023-09-07,2023-09-08,Outright Coupon Sale,False,2046-05-15,2053-08-15,0.456,0.05,10.964912280701755,
OR 091223 1,2023-09-12,2023-09-13,Outright FRN Purchase,False,2023-10-31,2025-07-31,0.307,0.025,8.143322475570033,
OR 102523 1,2023-10-25,2023-10-26,Outright Coupon Purchase,False,2036-02-15,2046-02-15,0.462,0.05,10.822510822510822,
OR 110223 1,2023-11-02,2023-11-03,Outright TIPS Purchase,False,2031-07-15,2053-02-15,0.343,0.025,7.288629737609329,
OR 110923 1,2023-11-09,2023-11-10,Outright Coupon Sale,False,2023-11-15,2026-01-31,2.296,0.075,3.266550522648084,
OR 121923 1,2023-12-19,2023-12-20,Outright Coupon Purchase,False,2026-03-31,2028-05-31,1.389,0.075,5.399568034557236,
OR 011024 1,2024-01-10,2024-01-11,Outright Coupon Purchase,False,2024-01-15,2026-03-31,2.328,0.075,3.221649484536083,
OR 022224 1,2024-02-22,2024-02-23,Outright Coupon Sale,False,2028-08-31,2031-02-15,0.503,0.05,9.940357852882704,
OR 022824 1,2024-02-28,2024-02-29,Outright Coupon Purchase,False,2046-11-15,2054-02-15,0.239,0.048,20.083682008368203,
OR 031124 1,2024-03-11,2024-03-12,Outright Coupon Purchase,False,2028-09-30,2031-02-28,0.736,0.05,6.793478260869566,
OR 042424 1,2024-04-24,2024-04-25,Outright Coupon Purchase,False,2031-05-15,2034-02-15,0.766,0.05,6.527415143603134,
OR 050224 1,2024-05-02,2024-05-03,Outright TIPS Purchase,False,2025-07-15,2031-07-15,0.843,0.025,2.965599051008304,
OR 050724 1,2024-05-07,2024-05-08,Outright Bill Purchase,False,2024-05-09,2025-04-17,5.482,0.075,1.368113827070412,
OR 061824 1,2024-06-18,2024-06-20,Outright Bill Purchase,False,2024-06-20,2025-06-12,5.684,0.075,1.319493314567206,
OR 062724 1,2024-06-27,2024-06-28,Outright TIPS Sale,False,2032-01-15,2054-02-15,0.484,0.025,5.1652892561983474,
OR 070924 1,2024-07-09,2024-07-10,Outright Coupon Purchase,False,2036-02-15,2046-11-15,0.457,0.05,10.940919037199125,
OR 082024 1,2024-08-20,2024-08-21,Outright FRN Purchase,False,2024-10-31,2026-07-31,1.154,0.025,2.166377816291161,
OR 082724 1,2024-08-27,2024-08-28,Outright Coupon Sale,False,2047-05-15,2054-08-15,0.976,0.05,5.122950819672131,
OR 090924 1,2024-09-09,2024-09-10,Outright Coupon Purchase,False,2026-12-15,2029-02-28,2.225,0.075,3.3707865168539324,
OR 102424 1,2024-10-24,2024-10-25,Outright Coupon Purchase,False,2036-02-15,2047-02-15,0.949,0.05,5.268703898840886,
OR 102824 1,2024-10-28,2024-10-29,Outright TIPS Purchase,False,2032-07-15,2054-02-15,0.307,0.025,8.143322475570033,
OR 111224 1,2024-11-12,2024-11-13,Outright Coupon Sale,False,2025-11-15,2027-04-30,0.941,0.075,7.970244420828905,
OR 121724 1,2024-12-17,2024-12-18,Outright Bill Purchase,False,2024-12-17,2025-11-28,2.965,0.05,1.6863406408094437,
OR 122324 1,2024-12-23,2024-12-24,Outright Coupon Purchase,False,2024-12-31,2025-12-15,1.486,0.05,3.3647375504710633,
OR 010625 1,2025-01-06,2025-01-07,Outright Coupon Purchase,False,2031-01-31,2034-11-15,0.44,0.025,5.6818181818181825,
OR 010925 1,2025-01-09,2025-01-10,Outright Coupon Purchase,False,2026-01-15,2027-06-30,0.544,0.025,4.595588235294117,
OR 021925 1,2025-02-19,2025-02-20,Outright Coupon Purchase,False,2047-11-15,2055-02-15,0.618,0.05,8.090614886731393,
OR 022725 1,2025-02-27,2025-02-28,Outright Coupon Sale,False,2029-02-28,2031-02-15,0.804,0.05,6.218905472636816,
OR 030425 1,2025-03-04,2025-03-05,Outright Coupon Purchase,False,2031-03-31,2035-02-15,0.574,0.05,8.710801393728223,
OR 050625 1,2025-05-06,2025-05-07,Outright Bill Purchase,False,2025-05-06,2026-04-16,4.674,0.075,1.6046213093709885,
OR 051225 1,2025-05-12,2025-05-13,Outright Coupon Purchase,False,2029-05-15,2031-04-30,1.087,0.075,6.899724011039559,
OR 062425 1,2025-06-24,2025-06-25,Outright Coupon Purchase,False,2036-02-15,2047-11-15,0.484,0.05,10.330578512396695,
OR 062625 1,2025-06-26,2025-06-27,Outright TIPS Sale,False,2033-01-15,2055-02-15,0.331,0.025,7.552870090634441,
OR 070925 1,2025-07-09,2025-07-10,Outright Bill Purchase,False,2025-07-10,2026-07-09,4.908,0.075,1.5281173594132027,
OR 082025 1,2025-08-20,2025-08-21,Outright Coupon Purchase,False,2028-02-29,2029-08-15,1.358,0.075,5.52282768777614,
OR 082825 1,2025-08-28,2025-08-29,Outright TIPS Purchase,False,2026-10-15,2033-01-15,0.657,0.025,3.8051750380517504,
OR 090925 1,2025-09-09,2025-09-10,Outright Coupon Sale,False,2048-05-15,2055-08-15,0.747,0.05,6.693440428380187,
OR 102125 1,2025-10-21,2025-10-22,Outright Coupon Sale,False,2026-10-31,2028-04-15,1.445,0.075,5.190311418685121,
OR 103025 1,2025-10-30,2025-10-31,Outright TIPS Purchase,False,2033-07-15,2055-02-15,0.311,0.025,8.038585209003216,
OR 110425 1,2025-11-04,2025-11-05,Outright Coupon Purchase,False,2036-02-15,2048-02-15,0.792,0.05,6.313131313131313,
OR 121225 1,2025-12-12,2025-12-15,Outright Bill Purchase,True,2026-01-13,2026-04-09,27.458,8.167,29.743608420132567,
OR 121525 1,2025-12-15,2025-12-16,Outright Bill Purchase,True,2026-04-16,2026-11-27,27.082,6.801,25.112620929030356,
OR 121725 1,2025-12-17,2025-12-18,Outright Bill Purchase,True,2026-01-20,2026-04-16,58.211,8.165,14.026558554225147,
OR 121925 1,2025-12-19,2025-12-22,Outright Bill Purchase,True,2026-01-20,2026-04-16,39.342,8.165,20.753901682680088,
OR 122225 1,2025-12-22,2025-12-23,Outright Bill Purchase,True,2026-04-23,2026-11-27,43.351,6.801,15.688219418237182,
OR 010626 1,2026-01-06,2026-01-07,Outright Bill Purchase,True,2026-02-05,2026-05-07,48.305,8.165,16.90301211054756,
OR 010826 1,2026-01-08,2026-01-09,Outright Bill Purchase,True,2026-02-10,2026-05-07,65.033,8.165,12.555164301200927,
OR 012026 1,2026-01-20,2026-01-21,Outright Bill Purchase,True,2026-02-19,2026-05-21,95.158,8.306,8.728640786901783,
OR 012226 1,2026-01-22,2026-01-23,Outright Bill Purchase,True,2026-05-28,2027-01-21,57.185,6.92,12.101075456850573,
OR 012626 1,2026-01-26,2026-01-27,Outright Bill Purchase,True,2026-02-26,2026-05-21,79.55,8.304,10.438717787554998,
OR 012926 1,2026-01-29,2026-01-30,Outright Bill Purchase,True,2026-03-03,2026-05-28,84.397,8.304,9.839212294275862,
OR 020226 1,2026-02-02,2026-02-03,Outright Bill Purchase,True,2026-06-04,2027-01-21,38.0,6.921,18.21315789473684,
OR 020426 1,2026-02-04,2026-02-05,Outright Bill Purchase,True,2026-03-10,2026-06-04,67.701,8.304,12.265697700181683,
OR 021026 1,2026-02-10,2026-02-11,Outright Bill Purchase,True,2026-03-12,2026-06-11,81.306,8.304,10.213268393476497,
OR 021726 1,2026-02-17,2026-02-18,Outright Bill Purchase,True,2026-03-19,2026-06-18,50.662,8.011,15.812640637953496,
OR 021926 1,2026-02-19,2026-02-20,Outright Bill Purchase,True,2026-03-24,2026-06-18,41.48,8.01,19.310511089681775,
OR 022426 1,2026-02-24,2026-02-25,Outright Bill Purchase,True,2026-03-26,2026-06-25,66.615,8.01,12.024318847106507,
OR 022526 1,2026-02-25,2026-02-26,Outright Bill Purchase,True,2026-07-02,2027-02-18,26.837,6.675,24.87237768752096,
OR 022626 25,2026-02-26,2026-02-27,Outright Bill Purchase,True,2026-03-31,2026-06-25,0.759,0.075,9.881422924901186,
OR 030326 1,2026-03-03,2026-03-04,Outright Bill Purchase,True,2026-04-02,2026-07-02,51.832,8.01,15.453773730513968,
OR 030526 1,2026-03-05,2026-03-06,Outright Bill Purchase,True,2026-04-07,2026-07-02,65.449,8.01,12.238536876040888,
OR 031026 1,2026-03-10,2026-03-11,Outright Bill Purchase,True,2026-07-16,2027-02-18,32.133,6.676,20.7761491301777,
OR 031626 25,2026-03-16,2026-03-17,Outright Bill Purchase,True,2026-07-16,2027-02-18,35.123,6.726,19.14984483102241,
OR 031926 25,2026-03-19,2026-03-20,Outright Bill Purchase,True,2026-04-21,2026-07-16,87.777,8.071,9.194891600305318,
OR 032426 25,2026-03-24,2026-03-25,Outright Bill Purchase,True,2026-04-23,2026-07-23,59.088,8.071,13.659287841862982,
OR 032626 25,2026-03-26,2026-03-27,Outright Bill Purchase,True,2026-04-28,2026-07-23,69.532,8.071,11.607605131450267,
OR 033026 25,2026-03-30,2026-03-31,Outright Bill Purchase,True,2026-07-30,2027-03-18,35.215,6.726,19.099815419565523,
OR 040126 25,2026-04-01,2026-04-02,Outright Bill Purchase,True,2026-05-05,2026-07-30,75.009,8.071,10.76004212827794,
OR 040726 25,2026-04-07,2026-04-08,Outright Bill Purchase,True,2026-05-07,2026-08-06,79.86,8.071,10.106436263461056,
OR 041626 25,2026-04-16,2026-04-17,Outright Bill Purchase,True,2026-08-20,2027-04-15,28.659,5.058,17.648906102794935,
OR 042126 25,2026-04-21,2026-04-22,Outright Bill Purchase,True,2026-05-21,2026-08-20,56.063,7.587,13.53298967233291,
OR 042726 25,2026-04-27,2026-04-28,Outright Bill Purchase,True,2026-08-27,2027-04-15,42.182,5.058,11.990896590962969,
OR 050526 25,2026-05-05,2026-05-06,Outright Bill Purchase,True,2026-06-04,2026-09-03,54.371,7.585,13.950451527468688,
OR 050726 25,2026-05-07,2026-05-08,Outright Bill Purchase,True,2026-06-09,2026-09-03,47.017,7.587,16.136716506795413,
OR 051126 25,2026-05-11,2026-05-12,Outright Bill Purchase,True,2026-06-11,2026-09-03,58.46,7.587,12.978104686965446,
OR 051826 25,2026-05-18,2026-05-19,Outright Bill Purchase,True,2026-06-18,2026-09-10,41.18,6.576,15.968916949975714,
OR 052126 25,2026-05-21,2026-05-22,Outright Bill Purchase,True,2026-09-24,2027-05-13,32.862,3.289,10.008520479581279,
OR 052726 25,2026-05-27,2026-05-28,Outright Bill Purchase,True,2026-06-30,2026-09-24,64.958,6.576,10.123464392376611,
OR 060226 25,2026-06-02,2026-06-03,Outright Coupon Sale,False,2032-06-30,2036-05-15,0.451,0.025,5.543237250554324,
OR 060426 25,2026-06-04,2026-06-05,Outright Bill Purchase,True,2026-07-07,2026-10-01,46.327,6.576,14.194746044423336,
OR 060926 25,2026-06-09,2026-06-10,Outright Bill Purchase,True,2026-10-15,2027-05-13,31.178,3.288,10.545897748412342,
OR 061626 25,2026-06-16,2026-06-17,Outright Bill Purchase,True,2026-07-16,2026-10-15,41.066,6.638,16.164223445185797,
OR 062326 25,2026-06-23,2026-06-24,Outright FRN Purchase,False,2026-07-31,2028-04-30,0.24,0.025,10.416666666666668,
OR 062426 25,2026-06-24,2026-06-25,Outright Bill Purchase,True,2026-10-29,2027-06-10,39.696,3.319,8.361043933897621,
OR 070126 25,2026-07-01,2026-07-02,Outright Bill Purchase,True,2026-08-04,2026-10-29,30.093,6.637,22.054962948193932,
OR 070726 25,2026-07-07,2026-07-08,Outright Bill Purchase,True,2026-11-12,2027-06-10,24.521,3.319,13.53533705803189,
OR 070926 25,2026-07-09,2026-07-10,Outright Bill Purchase,True,2026-08-11,2026-11-05,29.193,6.637,22.73490220258281,
OR 072026 25,2026-07-20,2026-07-21,Outright Bill Purchase,True,2026-08-20,2026-11-12,32.479,5.18,15.948766895532499,
OR 072226 25,2026-07-22,2026-07-23,Outright Bill Purchase,True,2026-11-27,2027-07-08,44.149,3.453,7.821241704228861,
OR 073026 25,2026-07-30,2026-07-31,Outright Bill Purchase,True,2026-09-01,2026-11-27,39.919,5.179,12.973771888073351,
OR 080426 25,2026-08-04,2026-08-05,Outright Bill Purchase,True,2026-09-03,2026-12-03,36.696,5.179,14.113254850664925,
OR 080626 25,2026-08-06,2026-08-07,Outright Bill Purchase,True,2026-12-10,2027-08-05,34.949,3.453,9.880111018913274,
OR 081126 25,2026-08-11,2026-08-12,Outright Bill Purchase,True,2026-09-10,2026-12-10,52.383,5.179,9.886795334364203,
OR 081826 25,2026-08-18,2026-08-19,Outright Bill Purchase,True,2026-09-17,2026-12-17,41.124,4.243,10.317576111273222,
OR 082026 25,2026-08-20,2026-08-21,Outright Bill Purchase,True,2026-09-22,2026-12-17,28.333,4.243,14.975470299650587,
OR 082626 25,2026-08-26,2026-08-27,Outright Bill Purchase,True,2026-12-31,2027-08-05,21.965,2.122,9.660824038242659,
