date,DEPOSITS,WITHDRAWALS,NET
2021-10-01,29219,111934,-82715
2021-10-04,27271,18401,8870
2021-10-05,79400,121332,-41932
2021-10-06,17838,21370,-3532
2021-10-07,170498,180011,-9513
2021-10-08,13345,17884,-4539
2021-10-12,94826,117634,-22808
2021-10-13,52762,39294,13468
2021-10-14,114303,140257,-25954
2021-10-15,157155,152822,4333
2021-10-18,100836,16918,83918
2021-10-19,100444,102682,-2238
2021-10-20,22903,38068,-15165
2021-10-21,178529,146740,31789
2021-10-22,73551,13890,59661
2021-10-25,29197,18139,11058
2021-10-26,140188,98987,41201
2021-10-27,18091,42671,-24580
2021-10-28,172661,149396,23265
2021-10-29,39183,20922,18261
2021-11-01,299864,308547,-8683
2021-11-02,142747,100792,41955
2021-11-03,16581,40922,-24341
2021-11-04,163565,182172,-18607
2021-11-05,10837,16157,-5320
2021-11-08,23939,16686,7253
2021-11-09,86925,101258,-14333
2021-11-10,17207,41723,-24516
2021-11-12,131526,143155,-11629
2021-11-15,220637,228728,-8091
2021-11-16,101941,114941,-13000
2021-11-17,17588,37317,-19729
2021-11-18,189143,199887,-10744
2021-11-19,13894,11804,2090
2021-11-22,24470,31542,-7072
2021-11-23,145394,143476,1918
2021-11-24,18195,42318,-24123
2021-11-26,197233,201185,-3952
2021-11-29,25144,18290,6854
2021-11-30,387466,318259,69207
2021-12-01,33774,87778,-54004
2021-12-02,204061,238016,-33955
2021-12-03,13986,37990,-24004
2021-12-06,23346,17558,5788
2021-12-07,128324,90377,37947
2021-12-08,19284,39065,-19781
2021-12-09,128614,135617,-7003
2021-12-10,17066,20532,-3466
2021-12-13,35738,16812,18926
2021-12-14,100865,154967,-54102
2021-12-15,204462,225675,-21213
2021-12-16,167580,183760,-16180
2021-12-17,20905,15138,5767
2021-12-20,34463,17437,17026
2021-12-21,169715,88098,81617
2021-12-22,98154,47159,50995
2021-12-23,137015,157620,-20605
2021-12-24,14604,7843,6761
2021-12-27,32558,13416,19142
2021-12-28,150959,85559,65400
2021-12-29,32043,16258,15785
2021-12-30,190783,190595,188
2021-12-31,287736,165804,121932
2022-01-03,58627,98432,-39805
2022-01-04,148502,90111,58391
2022-01-05,27330,17265,10065
2022-01-06,135301,129502,5799
2022-01-07,14824,18938,-4114
2022-01-10,30075,18633,11442
2022-01-11,150195,90725,59470
2022-01-12,22531,40204,-17673
2022-01-13,138866,187411,-48545
2022-01-14,31282,19183,12099
2022-01-18,337766,204385,133381
2022-01-19,33884,40327,-6443
2022-01-20,149089,128147,20942
2022-01-21,23977,26156,-2179
2022-01-24,36592,15813,20779
2022-01-25,161590,134368,27222
2022-01-26,30790,38093,-7303
2022-01-27,179153,177183,1970
2022-01-28,18880,18142,738
2022-01-31,291949,191437,100512
2022-02-01,170522,204659,-34137
2022-02-02,20942,19377,1565
2022-02-03,135250,160796,-25546
2022-02-04,15890,18613,-2723
2022-02-07,27542,17837,9705
2022-02-08,145601,134081,11520
2022-02-09,17512,41720,-24208
2022-02-10,132326,139344,-7018
2022-02-11,23876,12943,10933
2022-02-14,32954,16745,16209
2022-02-15,328239,308781,19458
2022-02-16,34162,43498,-9336
2022-02-17,135574,139476,-3902
2022-02-18,16145,19249,-3104
2022-02-22,171223,177762,-6539
2022-02-23,22586,43492,-20906
2022-02-24,174886,209338,-34452
2022-02-25,39817,18975,20842
2022-02-28,249982,139903,110079
2022-03-01,159865,231451,-71586
2022-03-02,21782,35963,-14181
2022-03-03,135372,159379,-24007
2022-03-04,17271,20517,-3246
2022-03-07,36350,21204,15146
2022-03-08,131739,159817,-28078
2022-03-09,17799,53736,-35937
2022-03-10,131366,198770,-67404
2022-03-11,17901,15273,2628
2022-03-14,39562,16800,22762
2022-03-15,262211,199952,62259
2022-03-16,41906,49990,-8084
2022-03-17,134284,131595,2689
2022-03-18,17968,19770,-1802
2022-03-21,30229,26008,4221
2022-03-22,139015,157889,-18874
2022-03-23,19981,51302,-31321
2022-03-24,151700,164350,-12650
2022-03-25,36259,17480,18779
2022-03-28,29343,15749,13594
2022-03-29,113810,149009,-35199
2022-03-30,22514,26690,-4176
2022-03-31,349161,254427,94734
2022-04-01,36874,120969,-84095
2022-04-04,33507,21322,12185
2022-04-05,115456,152888,-37432
2022-04-06,28032,24622,3410
2022-04-07,132695,135335,-2640
2022-04-08,19580,17795,1785
2022-04-11,38521,18402,20119
2022-04-12,131108,150351,-19243
2022-04-13,44941,47016,-2075
2022-04-14,191782,133029,58753
2022-04-15,90560,114377,-23817
2022-04-18,449104,41597,407507
2022-04-19,288236,159586,128650
2022-04-20,123418,95697,27721
2022-04-21,214738,190677,24061
2022-04-22,72471,41508,30963
2022-04-25,86761,39083,47678
2022-04-26,193419,149276,44143
2022-04-27,70705,103427,-32722
2022-04-28,160176,155228,4948
2022-04-29,88274,170731,-82457
2022-05-02,339854,258671,81183
2022-05-03,172168,198109,-25941
2022-05-04,59679,42450,17229
2022-05-05,137782,158400,-20618
2022-05-06,38932,24691,14241
2022-05-09,58595,34570,24025
2022-05-10,125747,153217,-27470
2022-05-11,45135,90194,-45059
2022-05-12,121763,150988,-29225
2022-05-13,38148,64329,-26181
2022-05-16,263435,247005,16430
2022-05-17,121569,153567,-31998
2022-05-18,39878,89587,-49709
2022-05-19,154822,211642,-56820
2022-05-20,26787,30861,-4074
2022-05-23,61207,29824,31383
2022-05-24,118333,147277,-28944
2022-05-25,39791,73330,-33539
2022-05-26,113699,167458,-53759
2022-05-27,52130,34942,17188
2022-05-31,355345,279182,76163
2022-06-01,55880,198221,-142341
2022-06-02,138794,161060,-22266
2022-06-03,27504,79248,-51744
2022-06-06,44847,59605,-14758
2022-06-07,114727,149135,-34408
2022-06-08,39301,76308,-37007
2022-06-09,118208,199643,-81435
2022-06-10,31902,39248,-7346
2022-06-13,84290,31866,52424
2022-06-14,169700,143970,25730
2022-06-15,290500,130932,159568
2022-06-16,192928,195273,-2345
2022-06-17,37488,25675,11813
2022-06-21,163878,162908,970
2022-06-22,58724,84649,-25925
2022-06-23,153647,152179,1468
2022-06-24,60951,36281,24670
2022-06-27,55503,35433,20070
2022-06-28,120106,137781,-17675
2022-06-29,36396,31332,5064
2022-06-30,309554,299786,9768
2022-07-01,61065,247641,-186576
2022-07-05,154052,141671,12381
2022-07-06,22568,26315,-3747
2022-07-07,133949,156729,-22780
2022-07-08,23485,37401,-13916
2022-07-11,48405,33162,15243
2022-07-12,114504,154631,-40127
2022-07-13,31741,80923,-49182
2022-07-14,162304,192250,-29946
2022-07-15,147480,139307,8173
2022-07-18,68625,25446,43179
2022-07-19,132719,132013,706
2022-07-20,42141,82356,-40215
2022-07-21,125461,157632,-32171
2022-07-22,21362,30768,-9406
2022-07-25,64102,31158,32944
2022-07-26,155553,132275,23278
2022-07-27,32228,75868,-43640
2022-07-28,123364,154724,-31360
2022-07-29,53379,26010,27369
2022-08-01,273183,394625,-121442
2022-08-02,161954,130747,31207
2022-08-03,34892,74542,-39650
2022-08-04,122277,145596,-23319
2022-08-05,21719,32899,-11180
2022-08-08,50367,37230,13137
2022-08-09,152627,136652,15975
2022-08-10,29692,73975,-44283
2022-08-11,158600,184985,-26385
2022-08-12,24202,20975,3227
2022-08-15,213721,277002,-63281
2022-08-16,174940,136597,38343
2022-08-17,31894,73145,-41251
2022-08-18,121930,139557,-17627
2022-08-19,30340,32852,-2512
2022-08-22,65318,37610,27708
2022-08-23,153880,149744,4136
2022-08-24,27815,77792,-49977
2022-08-25,181008,140540,40468
2022-08-26,45803,27923,17880
2022-08-29,49929,28890,21039
2022-08-30,165842,152236,13606
2022-08-31,204323,166914,37409
2022-09-01,158115,294742,-136627
2022-09-02,31101,79985,-48884
2022-09-06,182930,160781,22149
2022-09-07,23137,38138,-15001
2022-09-08,181517,183395,-1878
2022-09-09,32672,26139,6533
2022-09-12,62102,28307,33795
2022-09-13,174230,176643,-2413
2022-09-14,108058,72060,35998
2022-09-15,385848,254660,131188
2022-09-16,64405,33550,30855
2022-09-19,60579,36568,24011
2022-09-20,165104,172918,-7814
2022-09-21,61247,72492,-11245
2022-09-22,138894,156383,-17489
2022-09-23,58526,27161,31365
2022-09-26,46957,30805,16152
2022-09-27,145806,177942,-32136
2022-09-28,35915,81468,-45553
2022-09-29,131642,137475,-5833
2022-09-30,217457,306898,-89441
2022-10-03,92655,97216,-4561
2022-10-04,146564,166537,-19973
2022-10-05,36347,28122,8225
2022-10-06,159434,176014,-16580
2022-10-07,25322,26188,-866
2022-10-11,181700,169674,12026
2022-10-12,21370,84082,-62712
2022-10-13,142178,152846,-10668
2022-10-14,36582,43258,-6676
2022-10-17,185096,78537,106559
2022-10-18,172586,176212,-3626
2022-10-19,45007,74522,-29515
2022-10-20,138620,144176,-5556
2022-10-21,24525,46646,-22121
2022-10-24,53541,29188,24353
2022-10-25,189802,165881,23921
2022-10-26,33915,80773,-46858
2022-10-27,131773,153187,-21414
2022-10-28,30566,38722,-8156
2022-10-31,240805,266674,-25869
2022-11-01,209281,323835,-114554
2022-11-02,36517,34471,2046
2022-11-03,168985,227451,-58466
2022-11-04,26025,26392,-367
2022-11-07,43202,31448,11754
2022-11-08,170875,168794,2081
2022-11-09,27627,83731,-56104
2022-11-10,131732,149577,-17845
2022-11-14,68567,41354,27213
2022-11-15,316210,413998,-97788
2022-11-16,52165,72462,-20297
2022-11-17,130952,147143,-16191
2022-11-18,29969,21449,8520
2022-11-21,47234,33209,14025
2022-11-22,210333,190087,20246
2022-11-23,44252,83966,-39714
2022-11-25,158134,145807,12327
2022-11-28,48187,34792,13395
2022-11-29,161051,180337,-19286
2022-11-30,200271,182890,17381
2022-12-01,197142,339641,-142499
2022-12-02,29705,76670,-46965
2022-12-05,45231,33383,11848
2022-12-06,142441,183090,-40649
2022-12-07,33817,35003,-1186
2022-12-08,122697,187347,-64650
2022-12-09,31175,33362,-2187
2022-12-12,64282,37893,26389
2022-12-13,155125,186377,-31252
2022-12-14,76620,80837,-4217
2022-12-15,354822,196765,158057
2022-12-16,64047,25745,38302
2022-12-19,61743,32061,29682
2022-12-20,151323,187040,-35717
2022-12-21,52141,83418,-31277
2022-12-22,136641,148214,-11573
2022-12-23,37586,34430,3156
2022-12-27,195795,178345,17450
2022-12-28,32058,74488,-42430
2022-12-29,196008,187648,8360
2022-12-30,106979,80922,26057
2023-01-03,384864,492827,-107963
2023-01-04,27156,40205,-13049
2023-01-05,151972,152360,-388
2023-01-06,28764,36783,-8019
2023-01-09,55807,37014,18793
2023-01-10,144445,170756,-26311
2023-01-11,43047,86338,-43291
2023-01-12,138547,213344,-74797
2023-01-13,57946,35390,22556
2023-01-17,406682,273265,133417
2023-01-18,42262,85189,-42927
2023-01-19,233948,143832,90116
2023-01-20,44628,46746,-2118
2023-01-23,67039,34358,32681
2023-01-24,277316,158920,118396
2023-01-25,63280,77810,-14530
2023-01-26,172289,185711,-13422
2023-01-27,28616,30064,-1448
2023-01-30,53483,29598,23885
2023-01-31,377483,403904,-26421
2023-02-01,76893,208207,-131314
2023-02-02,145191,142198,2993
2023-02-03,29174,86318,-57144
2023-02-06,57125,32523,24602
2023-02-07,186502,159902,26600
2023-02-08,29191,93817,-64626
2023-02-09,132419,142558,-10139
2023-02-10,24037,32294,-8257
2023-02-13,54839,33109,21730
2023-02-14,192232,173128,19104
2023-02-15,175202,343374,-168172
2023-02-16,191288,144933,46355
2023-02-17,27910,34612,-6702
2023-02-21,243758,200332,43426
2023-02-22,22229,137688,-115459
2023-02-23,196942,320271,-123329
2023-02-24,46833,32857,13976
2023-02-27,62118,37486,24632
2023-02-28,406035,394008,12027
2023-03-01,87589,213707,-126118
2023-03-02,141500,142321,-821
2023-03-03,31268,87452,-56184
2023-03-06,65536,39511,26025
2023-03-07,191808,199237,-7429
2023-03-08,32874,98845,-65971
2023-03-09,126120,202120,-76000
2023-03-10,28098,105867,-77769
2023-03-13,78439,40018,38421
2023-03-14,265087,204095,60992
2023-03-15,148898,149299,-401
2023-03-16,175697,152850,22847
2023-03-17,29739,38769,-9030
2023-03-20,56438,82724,-26286
2023-03-21,166108,229217,-63109
2023-03-22,42076,91649,-49573
2023-03-23,157542,177108,-19566
2023-03-24,22769,33835,-11066
2023-03-27,57053,30013,27040
2023-03-28,163818,209628,-45810
2023-03-29,34911,42203,-7292
2023-03-30,167660,140217,27443
2023-03-31,255110,354818,-99708
2023-04-03,107327,115016,-7689
2023-04-04,171109,214053,-42944
2023-04-05,40184,39628,556
2023-04-06,140330,172984,-32654
2023-04-07,29026,33296,-4270
2023-04-10,61005,32663,28342
2023-04-11,178591,200994,-22403
2023-04-12,55844,97678,-41834
2023-04-13,168322,144418,23904
2023-04-14,114042,43247,70795
2023-04-17,252710,188113,64597
2023-04-18,415172,190192,224980
2023-04-19,117852,93217,24635
2023-04-20,222263,189730,32533
2023-04-21,45625,43578,2047
2023-04-24,79686,27372,52314
2023-04-25,239236,198932,40304
2023-04-26,60779,100395,-39616
2023-04-27,151605,155482,-3877
2023-04-28,74896,50530,24366
2023-05-01,336600,472604,-136004
2023-05-02,189335,213558,-24223
2023-05-03,42174,95846,-53672
2023-05-04,177017,174117,2900
2023-05-05,23511,27347,-3836
2023-05-08,48241,31352,16889
2023-05-09,147370,189632,-42262
2023-05-10,32155,95270,-63115
2023-05-11,132843,153753,-20910
2023-05-12,30621,37262,-6641
2023-05-15,190898,280871,-89973
2023-05-16,193168,181880,11288
2023-05-17,30903,83822,-52919
2023-05-18,216410,236631,-20221
2023-05-19,27148,20460,6688
2023-05-22,58862,43432,15430
2023-05-23,171452,170849,603
2023-05-24,30468,84555,-54087
2023-05-25,172178,191860,-19682
2023-05-26,50618,41240,9378
2023-05-30,170685,179617,-8932
2023-05-31,200333,205215,-4882
2023-06-01,238149,342877,-104728
2023-06-02,52355,75936,-23581
2023-06-05,127580,71585,55995
2023-06-06,180540,190664,-10124
2023-06-07,36444,24500,11944
2023-06-08,146289,142161,4128
2023-06-09,28639,32379,-3740
2023-06-12,67161,37424,29737
2023-06-13,193407,162320,31087
2023-06-14,82695,79019,3676
2023-06-15,438988,276747,162241
2023-06-16,59930,26682,33248
2023-06-20,229986,155836,74150
2023-06-21,30100,102176,-72076
2023-06-22,229072,147809,81263
2023-06-23,58592,36965,21627
2023-06-26,57738,34803,22935
2023-06-27,194091,153740,40351
2023-06-28,30631,89731,-59100
2023-06-29,199663,152126,47537
2023-06-30,212254,367938,-155684
2023-07-03,92260,103576,-11316
2023-07-05,199069,152345,46724
2023-07-06,215974,150454,65520
2023-07-07,22882,39723,-16841
2023-07-10,50837,36442,14395
2023-07-11,192614,173674,18940
2023-07-12,29655,80807,-51152
2023-07-13,236751,240811,-4060
2023-07-14,33184,35287,-2103
2023-07-17,177979,142015,35964
2023-07-18,190526,167980,22546
2023-07-19,30918,79397,-48479
2023-07-20,197164,209778,-12614
2023-07-21,23514,33702,-10188
2023-07-24,54093,29647,24446
2023-07-25,201098,175871,25227
2023-07-26,30720,79187,-48467
2023-07-27,196844,211711,-14867
2023-07-28,25632,28779,-3147
2023-07-31,236656,288006,-51350
2023-08-01,231873,347835,-115962
2023-08-02,35440,30141,5299
2023-08-03,200652,247802,-47150
2023-08-04,27564,34761,-7197
2023-08-07,51770,31932,19838
2023-08-08,192770,194653,-1883
2023-08-09,27649,81014,-53365
2023-08-10,247816,240670,7146
2023-08-11,25998,23352,2646
2023-08-14,51386,27803,23583
2023-08-15,356942,485231,-128289
2023-08-16,52607,80168,-27561
2023-08-17,218908,203130,15778
2023-08-18,27305,34954,-7649
2023-08-21,53942,32606,21336
2023-08-22,225717,207273,18444
2023-08-23,28993,79172,-50179
2023-08-24,211999,199084,12915
2023-08-25,47093,26266,20827
2023-08-28,51516,30088,21428
2023-08-29,223438,199861,23577
2023-08-30,31959,30097,1862
2023-08-31,389537,363164,26373
2023-09-01,66002,256835,-190833
2023-09-05,263990,210530,53460
2023-09-06,22440,35698,-13258
2023-09-07,271895,243099,28796
2023-09-08,27312,27070,242
2023-09-11,61195,29120,32075
2023-09-12,232617,210853,21764
2023-09-13,65331,92513,-27182
2023-09-14,272172,203660,68512
2023-09-15,257765,203433,54332
2023-09-18,94847,32054,62793
2023-09-19,223623,219523,4100
2023-09-20,57581,84069,-26488
2023-09-21,233249,211312,21937
2023-09-22,34961,51645,-16684
2023-09-25,64004,32236,31768
2023-09-26,228337,221472,6865
2023-09-27,33430,90900,-57470
2023-09-28,213033,221515,-8482
2023-09-29,111890,184125,-72235
2023-10-02,199674,178627,21047
2023-10-03,225435,228045,-2610
2023-10-04,19912,16279,3633
2023-10-05,263617,242391,21226
2023-10-06,16049,14500,1549
2023-10-10,255805,213548,42257
2023-10-11,16672,47668,-30996
2023-10-12,239935,255924,-15989
2023-10-13,30423,24916,5507
2023-10-16,188042,74584,113458
2023-10-17,256208,214693,41515
2023-10-18,22480,38872,-16392
2023-10-19,236116,248670,-12554
2023-10-20,14342,23059,-8717
2023-10-23,29159,14234,14925
2023-10-24,252655,217038,35617
2023-10-25,20020,42684,-22664
2023-10-26,234986,247626,-12640
2023-10-27,15280,22049,-6769
2023-10-30,28121,18465,9656
2023-10-31,454209,459764,-5555
2023-11-01,36467,115872,-79405
2023-11-02,290376,255256,35120
2023-11-03,14448,39200,-24752
2023-11-06,24570,13779,10791
2023-11-07,246585,227842,18743
2023-11-08,16181,45638,-29457
2023-11-09,236606,257202,-20596
2023-11-10,10368,10394,-26
2023-11-13,29976,15949,14027
2023-11-14,250282,235402,14880
2023-11-15,137685,239448,-101763
2023-11-16,251278,221993,29285
2023-11-17,16315,12955,3360
2023-11-20,26044,14897,11147
2023-11-21,248491,234060,14431
2023-11-22,20346,55541,-35195
2023-11-24,274450,226229,48221
2023-11-27,25936,13676,12260
2023-11-28,233121,235881,-2760
2023-11-29,18418,15575,2843
2023-11-30,459411,454127,5284
2023-12-01,33066,123717,-90651
2023-12-04,28783,15294,13489
2023-12-05,227125,244071,-16946
2023-12-06,18419,15481,2938
2023-12-07,222297,221782,515
2023-12-08,14848,19721,-4873
2023-12-11,30149,20735,9414
2023-12-12,229050,254222,-25172
2023-12-13,26309,43249,-16940
2023-12-14,246968,229537,17431
2023-12-15,179533,87476,92057
2023-12-18,48477,15394,33083
2023-12-19,228922,251018,-22096
2023-12-20,23813,42190,-18377
2023-12-21,229631,228194,1437
2023-12-22,23774,25620,-1846
2023-12-26,255078,244026,11052
2023-12-27,13148,43458,-30310
2023-12-28,281556,269651,11905
2023-12-29,85584,41969,43615
2024-01-02,449297,451549,-2252
2024-01-03,16418,39295,-22877
2024-01-04,242789,233076,9713
2024-01-05,14716,19910,-5194
2024-01-08,30562,19979,10583
2024-01-09,228700,237862,-9162
2024-01-10,20642,42200,-21558
2024-01-11,275222,272775,2447
2024-01-12,29804,24359,5445
2024-01-16,419968,360420,59548
2024-01-17,20975,42737,-21762
2024-01-18,247253,231108,16145
2024-01-19,19693,19369,324
2024-01-22,36606,24081,12525
2024-01-23,246065,230545,15520
2024-01-24,37020,39919,-2899
2024-01-25,286227,271331,14896
2024-01-26,16043,16692,-649
2024-01-29,32002,17596,14406
2024-01-30,251686,232220,19466
2024-01-31,245341,243136,2205
2024-02-01,275489,327309,-51820
2024-02-02,16719,44203,-27484
2024-02-05,31533,17414,14119
2024-02-06,257194,236615,20579
2024-02-07,17843,17148,695
2024-02-08,247098,235699,11399
2024-02-09,12622,13655,-1033
2024-02-12,29390,16328,13062
2024-02-13,255614,240259,15355
2024-02-14,18099,46572,-28473
2024-02-15,388098,451092,-62994
2024-02-16,31135,20268,10867
2024-02-20,287659,245782,41877
2024-02-21,13115,45991,-32876
2024-02-22,302640,331845,-29205
2024-02-23,48233,20302,27931
2024-02-26,32362,17431,14931
2024-02-27,257791,251548,6243
2024-02-28,16631,57617,-40986
2024-02-29,456171,386745,69426
2024-03-01,42885,131846,-88961
2024-03-04,37656,20384,17272
2024-03-05,258150,256907,1243
2024-03-06,20666,26765,-6099
2024-03-07,237611,232185,5426
2024-03-08,16910,18202,-1292
2024-03-11,38011,16279,21732
2024-03-12,256602,259275,-2673
2024-03-13,17798,53152,-35354
2024-03-14,242028,241202,826
2024-03-15,148482,93503,54979
2024-03-18,60173,18369,41804
2024-03-19,258946,260270,-1324
2024-03-20,18189,50257,-32068
2024-03-21,274144,283841,-9697
2024-03-22,19169,17033,2136
2024-03-25,32396,15753,16643
2024-03-26,242497,260542,-18045
2024-03-27,21187,52580,-31393
2024-03-28,238966,240570,-1604
2024-03-29,27934,23320,4614
2024-04-01,267710,251764,15946
2024-04-02,234645,265817,-31172
2024-04-03,21038,48263,-27225
2024-04-04,223272,245896,-22624
2024-04-05,16826,16636,190
2024-04-08,35095,16412,18683
2024-04-09,224568,261807,-37239
2024-04-10,31304,50590,-19286
2024-04-11,242722,247544,-4822
2024-04-12,78481,21173,57308
2024-04-15,307954,135958,171996
2024-04-16,272152,263164,8988
2024-04-17,73596,49674,23922
2024-04-18,289524,288913,611
2024-04-19,26045,17122,8923
2024-04-22,42834,26306,16528
2024-04-23,251925,252199,-274
2024-04-24,27757,54095,-26338
2024-04-25,233395,254807,-21412
2024-04-26,23749,21785,1964
2024-04-29,39435,19777,19658
2024-04-30,496860,464023,32837
2024-05-01,44946,116931,-71985
2024-05-02,236101,253948,-17847
2024-05-03,21929,41413,-19484
2024-05-06,28420,14666,13754
2024-05-07,218196,239518,-21322
2024-05-08,17501,46235,-28734
2024-05-09,232872,245434,-12562
2024-05-10,13466,22552,-9086
2024-05-13,29771,16501,13270
2024-05-14,234081,236847,-2766
2024-05-15,167058,266613,-99555
2024-05-16,296728,285960,10768
2024-05-17,18692,10998,7694
2024-05-20,26188,13042,13146
2024-05-21,232763,232078,685
2024-05-22,25180,52706,-27526
2024-05-23,234123,241384,-7261
2024-05-24,13054,18724,-5670
2024-05-28,254136,233206,20930
2024-05-29,13971,16841,-2870
2024-05-30,229229,246197,-16968
2024-05-31,274658,254789,19869
2024-06-03,47678,54249,-6571
2024-06-04,213869,225577,-11708
2024-06-05,19347,16678,2669
2024-06-06,210102,232674,-22572
2024-06-07,14956,20194,-5238
2024-06-10,32718,17921,14797
2024-06-11,216622,239711,-23089
2024-06-12,26607,43613,-17006
2024-06-13,269244,271433,-2189
2024-06-14,52512,24235,28277
2024-06-17,231455,85150,146305
2024-06-18,222727,263180,-40453
2024-06-20,231410,241819,-10409
2024-06-21,25347,33673,-8326
2024-06-24,39713,18710,21003
2024-06-25,222120,239309,-17189
2024-06-26,22170,45210,-23040
2024-06-27,212950,238539,-25589
2024-06-28,75594,16410,59184
2024-07-01,251001,265361,-14360
2024-07-02,231434,226319,5115
2024-07-03,19753,42703,-22950
2024-07-05,229131,242583,-13452
2024-07-08,29192,18177,11015
2024-07-09,236645,232578,4067
2024-07-10,16984,41902,-24918
2024-07-11,280402,271312,9090
2024-07-12,16942,13894,3048
2024-07-15,181733,151660,30073
2024-07-16,259468,228978,30490
2024-07-17,15104,43350,-28246
2024-07-18,230767,221766,9001
2024-07-19,14469,19003,-4534
2024-07-22,29609,31076,-1467
2024-07-23,253824,230139,23685
2024-07-24,16863,42906,-26043
2024-07-25,230458,229989,469
2024-07-26,13516,14885,-1369
2024-07-29,29619,14653,14966
2024-07-30,249799,228881,20918
2024-07-31,281643,230063,51580
2024-08-01,259093,327993,-68900
2024-08-02,17133,43167,-26034
2024-08-05,28007,17864,10143
2024-08-06,249460,238837,10623
2024-08-07,19492,14073,5419
2024-08-08,286509,279448,7061
2024-08-09,12100,16036,-3936
2024-08-12,28313,16634,11679
2024-08-13,255888,243308,12580
2024-08-14,18337,42129,-23792
2024-08-15,395174,458094,-62920
2024-08-16,26828,21802,5026
2024-08-19,31269,19172,12097
2024-08-20,257393,241443,15950
2024-08-21,18675,42927,-24252
2024-08-22,244848,244840,8
2024-08-23,13338,13838,-500
2024-08-26,27116,21132,5984
2024-08-27,293026,247015,46011
2024-08-28,16750,45900,-29150
2024-08-29,241530,244131,-2601
2024-08-30,57244,102215,-44971
2024-09-03,499264,434637,64627
2024-09-04,13832,16918,-3086
2024-09-05,276268,278197,-1929
2024-09-06,14178,23463,-9285
2024-09-09,28011,16445,11566
2024-09-10,242199,267511,-25312
2024-09-11,25880,46405,-20525
2024-09-12,230379,267598,-37219
2024-09-13,57231,31658,25573
2024-09-16,249124,87952,161172
2024-09-17,242850,264235,-21385
2024-09-18,30776,45093,-14317
2024-09-19,221387,235534,-14147
2024-09-20,18213,38725,-20512
2024-09-23,37016,17432,19584
2024-09-24,243490,263122,-19632
2024-09-25,25628,51413,-25785
2024-09-26,218243,250456,-32213
2024-09-27,47583,21581,26002
2024-09-30,265951,152932,113019
2024-10-01,271175,342908,-71733
2024-10-02,21945,12526,9419
2024-10-03,288494,315960,-27466
2024-10-04,15871,11573,4298
2024-10-07,26299,16032,10267
2024-10-08,263895,254217,9678
2024-10-09,17123,49925,-32802
2024-10-10,249358,253405,-4047
2024-10-11,18107,21750,-3643
2024-10-15,422369,376415,45954
2024-10-16,32913,43813,-10900
2024-10-17,261108,247016,14092
2024-10-18,15353,16398,-1045
2024-10-21,28632,14832,13800
2024-10-22,261344,264249,-2905
2024-10-23,25831,47113,-21282
2024-10-24,250704,233979,16725
2024-10-25,14752,21411,-6659
2024-10-28,31476,23065,8411
2024-10-29,263000,251834,11166
2024-10-30,20071,19995,76
2024-10-31,571152,497247,73905
2024-11-01,33530,135342,-101812
2024-11-04,34142,16773,17369
2024-11-05,262882,260684,2198
2024-11-06,19213,17781,1432
2024-11-07,251516,251775,-259
2024-11-08,14616,23301,-8685
2024-11-12,283027,262936,20091
2024-11-13,12879,55393,-42514
2024-11-14,265297,258460,6837
2024-11-15,173367,258156,-84789
2024-11-18,39546,16327,23219
2024-11-19,266971,258390,8581
2024-11-20,18924,43808,-24884
2024-11-21,301986,260123,41863
2024-11-22,13745,34771,-21026
2024-11-25,37014,18564,18450
2024-11-26,301730,267597,34133
2024-11-27,21167,49707,-28540
2024-11-29,357270,383092,-25822
2024-12-02,256351,170450,85901
2024-12-03,264693,291997,-27304
2024-12-04,19024,19492,-468
2024-12-05,236415,252770,-16355
2024-12-06,14787,24677,-9890
2024-12-09,31081,18946,12135
2024-12-10,243219,295805,-52586
2024-12-11,20663,57619,-36956
2024-12-12,241716,249395,-7679
2024-12-13,40871,19224,21647
2024-12-16,220522,84632,135890
2024-12-17,238314,268846,-30532
2024-12-18,21684,48391,-26707
2024-12-19,230715,246707,-15992
2024-12-20,19956,40445,-20489
2024-12-23,47154,21779,25375
2024-12-24,236414,294244,-57830
2024-12-26,287160,333507,-46347
2024-12-27,51473,19772,31701
2024-12-30,44053,19032,25021
2024-12-31,456282,479822,-23540
2025-01-02,287026,331871,-44845
2025-01-03,19060,45831,-26771
2025-01-06,38380,20107,18273
2025-01-07,243689,260763,-17074
2025-01-08,17591,48546,-30955
2025-01-09,258238,255047,3191
2025-01-10,17005,9153,7852
2025-01-13,38632,22862,15770
2025-01-14,279197,254999,24198
2025-01-15,209529,229888,-20359
2025-01-16,282910,256907,26003
2025-01-17,17480,21313,-3833
2025-01-21,287576,256059,31517
2025-01-22,17147,56532,-39385
2025-01-23,397101,302541,94560
2025-01-24,25322,16379,8943
2025-01-27,42085,13615,28470
2025-01-28,264125,248139,15986
2025-01-29,24035,25927,-1892
2025-01-30,269394,254991,14403
2025-01-31,286447,319371,-32924
2025-02-03,66062,59084,6978
2025-02-04,269811,253649,16162
2025-02-05,19276,17492,1784
2025-02-06,261453,249080,12373
2025-02-07,14411,18985,-4574
2025-02-10,30901,18844,12057
2025-02-11,263149,258770,4379
2025-02-12,17486,50514,-33028
2025-02-13,262321,262137,184
2025-02-14,19114,26367,-7253
2025-02-18,461477,489745,-28268
2025-02-19,13475,48361,-34886
2025-02-20,313243,324296,-11053
2025-02-21,15455,29691,-14236
2025-02-24,34418,41001,-6583
2025-02-25,246546,329898,-83352
2025-02-26,20474,75638,-55164
2025-02-27,239182,270440,-31258
2025-02-28,281283,258994,22289
2025-03-03,69622,62493,7129
2025-03-04,233478,267433,-33955
2025-03-05,22498,32429,-9931
2025-03-06,267250,260581,6669
2025-03-07,17194,25217,-8023
2025-03-10,42688,21565,21123
2025-03-11,227292,268986,-41694
2025-03-12,21612,71800,-50188
2025-03-13,227985,266278,-38293
2025-03-14,29818,28099,1719
2025-03-17,199104,82496,116608
2025-03-18,225491,306083,-80592
2025-03-19,20341,54692,-34351
2025-03-20,270469,303025,-32556
2025-03-21,15483,36785,-21302
2025-03-24,40713,16975,23738
2025-03-25,224420,259614,-35194
2025-03-26,19300,53828,-34528
2025-03-27,227069,262388,-35319
2025-03-28,51338,30199,21139
2025-03-31,262528,158527,104001
2025-04-01,250276,356205,-105929
2025-04-02,27107,25341,1766
2025-04-03,288863,294120,-5257
2025-04-04,19612,24584,-4972
2025-04-07,35096,16496,18600
2025-04-08,288345,251700,36645
2025-04-09,26365,57808,-31443
2025-04-10,260867,261590,-723
2025-04-11,50472,34438,16034
2025-04-14,105439,20263,85176
2025-04-15,549490,364699,184791
2025-04-16,89853,51527,38326
2025-04-17,324751,363545,-38794
2025-04-18,30999,18616,12383
2025-04-21,43568,29511,14057
2025-04-22,275118,294881,-19763
2025-04-23,32570,63092,-30522
2025-04-24,245130,258528,-13398
2025-04-25,28866,19943,8923
2025-04-28,46358,20051,26307
2025-04-29,254500,235798,18702
2025-04-30,307737,246784,60953
2025-05-01,278371,362932,-84561
2025-05-02,23148,41890,-18742
2025-05-05,33349,17346,16003
2025-05-06,235920,242518,-6598
2025-05-07,29897,17791,12106
2025-05-08,236990,256623,-19633
2025-05-09,16488,19969,-3481
2025-05-12,32491,21874,10617
2025-05-13,258951,251662,7289
2025-05-14,19406,47623,-28217
2025-05-15,471702,537484,-65782
2025-05-16,27806,19754,8052
2025-05-19,33869,15366,18503
2025-05-20,233229,244911,-11682
2025-05-21,20115,55758,-35643
2025-05-22,252948,255084,-2136
2025-05-23,17086,20196,-3110
2025-05-27,256172,249333,6839
2025-05-28,11376,52229,-40853
2025-05-29,241792,278575,-36783
2025-05-30,64363,112768,-48405
2025-06-02,277559,189639,87920
2025-06-03,215789,272215,-56426
2025-06-04,19760,26533,-6773
2025-06-05,217045,242373,-25328
2025-06-06,16368,22461,-6093
2025-06-09,33349,19312,14037
2025-06-10,199440,248828,-49388
2025-06-11,27397,59779,-32382
2025-06-12,276650,292867,-16217
2025-06-13,49868,22598,27270
2025-06-16,232608,74385,158223
2025-06-17,206443,243608,-37165
2025-06-18,29617,54905,-25288
2025-06-20,228968,246300,-17332
2025-06-23,37415,29364,8051
2025-06-24,226681,243185,-16504
2025-06-25,24778,48270,-23492
2025-06-26,219365,249102,-29737
2025-06-27,50480,16978,33502
2025-06-30,282618,163987,118631
2025-07-01,265504,354979,-89475
2025-07-02,22413,17691,4722
2025-07-03,224931,283995,-59064
2025-07-07,38699,19380,19319
2025-07-08,237922,227361,10561
2025-07-09,16204,48206,-32002
2025-07-10,276853,299504,-22651
2025-07-11,15389,21422,-6033
2025-07-14,30688,14826,15862
2025-07-15,372368,342656,29712
2025-07-16,29838,45692,-15854
2025-07-17,242552,237613,4939
2025-07-18,17721,19086,-1365
2025-07-21,31582,27878,3704
2025-07-22,246600,220619,25981
2025-07-23,35018,46817,-11799
2025-07-24,250884,235012,15872
2025-07-25,13692,15004,-1312
2025-07-28,30760,16293,14467
2025-07-29,260751,205481,55270
2025-07-30,16573,14960,1613
2025-07-31,528380,450230,78150
2025-08-01,36566,156389,-119823
2025-08-04,33913,18883,15030
2025-08-05,260277,193846,66431
2025-08-06,20384,15306,5078
2025-08-07,311572,284199,27373
2025-08-08,14782,15409,-627
2025-08-11,28731,15510,13221
2025-08-12,262335,221118,41217
2025-08-13,16543,46574,-30031
2025-08-14,266513,232899,33614
2025-08-15,185610,241585,-55975
2025-08-18,43869,17488,26381
2025-08-19,268751,225457,43294
2025-08-20,21884,58602,-36718
2025-08-21,262906,227720,35186
2025-08-22,35822,15565,20257
2025-08-25,31133,17123,14010
2025-08-26,264922,227541,37381
2025-08-27,19240,56340,-37100
2025-08-28,259308,245443,13865
2025-08-29,55823,110259,-54436
2025-09-02,532386,397520,134866
2025-09-03,14414,42573,-28159
2025-09-04,312318,304979,7339
2025-09-05,14974,18114,-3140
2025-09-08,32470,18241,14229
2025-09-09,265998,256086,9912
2025-09-10,26015,48702,-22687
2025-09-11,271067,255920,15147
2025-09-12,46720,21689,25031
2025-09-15,222034,72090,149944
2025-09-16,291629,325593,-33964
2025-09-17,31625,48225,-16600
2025-09-18,266401,257097,9304
2025-09-19,20395,18312,2083
2025-09-22,37345,33404,3941
2025-09-23,291911,332872,-40961
2025-09-24,26917,50454,-23537
2025-09-25,267099,263982,3117
2025-09-26,49671,24428,25243
2025-09-29,40053,20717,19336
2025-09-30,511021,425869,85152
2025-10-01,40728,112172,-71444
2025-10-02,322097,317626,4471
2025-10-03,17239,42711,-25472
2025-10-06,30872,13979,16893
2025-10-07,277505,269028,8477
2025-10-08,20369,50048,-29679
2025-10-09,270377,268409,1968
2025-10-10,19080,20650,-1570
2025-10-14,319280,272373,46907
2025-10-15,157796,147210,10586
2025-10-16,311671,263936,47735
2025-10-17,19917,14208,5709
2025-10-20,30158,29802,356
2025-10-21,289278,265723,23555
2025-10-22,24821,49057,-24236
2025-10-23,303213,263324,39889
2025-10-24,15255,17723,-2468
2025-10-27,35349,13080,22269
2025-10-28,288480,268383,20097
2025-10-29,20649,21648,-999
2025-10-30,334450,317673,16777
2025-10-31,289540,363845,-74305
2025-11-03,55220,56588,-1368
2025-11-04,292340,277710,14630
2025-11-05,21466,18352,3114
2025-11-06,278886,268031,10855
2025-11-07,14763,18513,-3750
2025-11-10,32680,17185,15495
2025-11-12,293957,316111,-22154
2025-11-13,294084,275300,18784
2025-11-14,20474,23288,-2814
2025-11-17,189064,223218,-34154
2025-11-18,288434,284979,3455
2025-11-19,24254,51850,-27596
2025-11-20,285418,276681,8737
2025-11-21,15965,33463,-17498
2025-11-24,34083,19607,14476
2025-11-25,312362,287174,25188
2025-11-26,25307,57364,-32057
2025-11-28,380044,323705,56339
2025-12-01,265225,273157,-7932
2025-12-02,273700,285933,-12233
2025-12-03,19218,46539,-27321
2025-12-04,253068,282920,-29852
2025-12-05,15806,24235,-8429
2025-12-08,32647,22757,9890
2025-12-09,255235,298048,-42813
2025-12-10,21454,52938,-31484
2025-12-11,265728,278890,-13162
2025-12-12,30375,30583,-208
2025-12-15,192018,71487,120531
2025-12-16,267834,293645,-25811
2025-12-17,22859,48626,-25767
2025-12-18,259895,278885,-18990
2025-12-19,22446,25073,-2627
2025-12-22,64507,32256,32251
2025-12-23,248270,295878,-47608
2025-12-24,25613,48513,-22900
2025-12-26,346355,314111,32244
2025-12-29,38156,12949,25207
2025-12-30,255766,288362,-32596
2025-12-31,276366,229925,46441
2026-01-02,299154,390806,-91652
2026-01-05,37180,17323,19857
2026-01-06,247367,276498,-29131
2026-01-07,26902,15270,11632
2026-01-08,263883,273746,-9863
2026-01-09,18967,17553,1414
2026-01-12,40485,18277,22208
2026-01-13,255310,271836,-16526
2026-01-14,45094,48824,-3730
2026-01-15,481121,417301,63820
2026-01-16,46893,19552,27341
2026-01-20,297768,266122,31646
2026-01-21,19378,48070,-28692
2026-01-22,345408,328126,17282
2026-01-23,27518,15428,12090
2026-01-26,59203,16075,43128
2026-01-27,281774,250592,31182
2026-01-28,25786,47929,-22143
2026-01-29,282109,266751,15358
2026-01-30,43756,118578,-74822
2026-02-02,310496,305750,4746
2026-02-03,286822,276909,9913
2026-02-04,18873,19030,-157
2026-02-05,276336,269510,6826
2026-02-06,14596,23887,-9291
2026-02-09,31678,19391,12287
2026-02-10,285613,254554,31059
2026-02-11,19942,58043,-38101
2026-02-12,279287,268822,10465
2026-02-13,20716,28071,-7355
2026-02-17,494090,483076,11014
2026-02-18,15759,51558,-35799
2026-02-19,341021,325015,16006
2026-02-20,19412,30906,-11494
2026-02-23,38305,43509,-5204
2026-02-24,302652,289645,13007
2026-02-25,21173,83376,-62203
2026-02-26,280810,270335,10475
2026-02-27,61227,111735,-50508
2026-03-02,297322,224880,72442
2026-03-03,293800,305441,-11641
2026-03-04,23809,36562,-12753
2026-03-05,273572,279708,-6136
2026-03-06,17676,25442,-7766
2026-03-09,44752,19287,25465
2026-03-10,287106,282810,4296
2026-03-11,23630,80665,-57035
2026-03-12,286039,282559,3480
2026-03-13,28683,31630,-2947
2026-03-16,195828,64586,131242
2026-03-17,279080,286987,-7907
2026-03-18,20951,74789,-53838
2026-03-19,335307,328323,6984
2026-03-20,18000,29963,-11963
2026-03-23,56487,17840,38647
2026-03-24,259080,292384,-33304
2026-03-25,19639,58437,-38798
2026-03-26,268999,283382,-14383
2026-03-27,47883,22262,25621
2026-03-30,41712,21894,19818
2026-03-31,496154,471633,24521
2026-04-01,44979,134425,-89446
2026-04-02,273355,300836,-27481
2026-04-03,21404,43544,-22140
2026-04-06,37539,16046,21493
2026-04-07,246048,293249,-47201
2026-04-08,27845,59001,-31156
2026-04-09,274617,284723,-10106
2026-04-10,43440,27187,16253
2026-04-13,75876,20182,55694
2026-04-14,308051,287459,20592
2026-04-15,313367,168442,144925
2026-04-16,381716,334997,46719
2026-04-17,62602,35123,27479
2026-04-20,57658,18262,39396
2026-04-21,269502,278027,-8525
2026-04-22,51277,73614,-22337
2026-04-23,272246,309570,-37324
2026-04-24,25794,21388,4406
2026-04-27,45964,17832,28132
2026-04-28,263292,275255,-11963
2026-04-29,25889,28209,-2320
2026-04-30,563841,582553,-18712
2026-05-01,43050,155119,-112069
2026-05-04,39445,16790,22655
2026-05-05,247793,267482,-19689
2026-05-06,22697,20225,2472
2026-05-07,265367,281559,-16192
2026-05-08,18389,25790,-7401
2026-05-11,35480,20052,15428
2026-05-12,260465,271017,-10552
2026-05-13,16745,53362,-36617
2026-05-14,324909,329918,-5009
2026-05-15,182573,226173,-43600
2026-05-18,44866,17762,27104
2026-05-19,293815,257465,36350
2026-05-20,21200,61495,-40295
2026-05-21,275599,271700,3899
2026-05-22,57777,18120,39657
2026-05-26,314688,258917,55771
2026-05-27,13328,51996,-38668
2026-05-28,279621,272573,7048
2026-05-29,68283,14117,54166
2026-06-01,280267,327311,-47044
2026-06-02,263279,254046,9233
2026-06-03,24707,45058,-20351
2026-06-04,266130,267331,-1201
2026-06-05,15580,34564,-18984
2026-06-08,38314,19620,18694
2026-06-09,247521,261345,-13824
2026-06-10,27210,56523,-29313
2026-06-11,321509,323078,-1569
2026-06-12,46696,30190,16506
2026-06-15,234536,70774,163762
2026-06-16,271425,270107,1318
2026-06-17,26130,50736,-24606
2026-06-18,267107,308520,-41413
2026-06-22,60855,33121,27734
2026-06-23,262524,279467,-16943
2026-06-24,27014,51043,-24029
2026-06-25,258442,288825,-30383
2026-06-26,45313,21209,24104
2026-06-29,33872,52493,-18621
2026-06-30,494839,452660,42179
2026-07-01,43065,154848,-111783
2026-07-02,283481,320252,-36771
2026-07-03,14571,8315,6256
2026-07-06,28571,22308,6263
2026-07-07,262295,260443,1852
2026-07-08,18298,54017,-35719
2026-07-09,335959,340562,-4603
2026-07-10,14755,21117,-6362
2026-07-13,31140,19129,12011
2026-07-14,300990,263459,37531
2026-07-15,164294,156137,8157
2026-07-16,298522,271988,26534
2026-07-17,14392,21488,-7096
2026-07-20,32879,20104,12775
2026-07-21,310514,263733,46781
2026-07-22,18794,58361,-39567
2026-07-23,308464,266683,41781
2026-07-24,27042,17945,9097
2026-07-27,33775,17324,16451
2026-07-28,309451,246066,63385
2026-07-29,22515,18207,4308
2026-07-30,293726,266223,27503
2026-07-31,281852,403237,-121385
2026-08-03,59200,65684,-6484
2026-08-04,312259,258125,54134
2026-08-05,21364,16256,5108
2026-08-06,350412,318012,32400
2026-08-07,14542,22153,-7611
2026-08-10,30087,17351,12736
2026-08-11,307532,277050,30482
2026-08-12,17276,55199,-37923
2026-08-13,289108,281929,7179
2026-08-14,19091,26496,-7405
2026-08-17,205240,231636,-26396
2026-08-18,315448,286280,29168
2026-08-19,23399,48938,-25539
2026-08-20,295499,296829,-1330
2026-08-21,15762,17620,-1858
2026-08-24,50397,16767,33630
2026-08-25,313925,286634,27291
2026-08-26,18337,53041,-34704
