date,open,high,low,close,volume,average,barCount
2026-02-23,6.322,6.322,6.322,6.322,0.0,6.322,0
2026-02-24,6.4775,6.4775,6.4775,6.4775,0.0,6.4775,0
2026-02-25,6.535,6.535,6.535,6.535,0.0,6.535,0
2026-02-26,6.4985,6.4985,6.4985,6.4985,0.0,6.4985,0
2026-02-27,6.5515,6.5515,6.5515,6.5515,0.0,6.5515,0
2026-03-02,6.443,6.443,6.443,6.443,0.0,6.443,0
2026-03-03,6.313,6.313,6.313,6.313,0.0,6.313,0
2026-03-04,6.3925,6.3925,6.3925,6.3925,0.0,6.3925,0
2026-03-05,6.291,6.291,6.291,6.291,0.0,6.291,0
2026-03-06,6.288,6.288,6.288,6.288,0.0,6.288,0
2026-03-09,6.326,6.326,6.326,6.326,0.0,6.326,0
2026-03-10,6.4305,6.4305,6.4305,6.4305,0.0,6.4305,0
2026-03-11,6.3735,6.3735,6.3735,6.3735,0.0,6.3735,0
2026-03-12,6.351,6.351,6.351,6.351,0.0,6.351,0
2026-03-13,6.2435,6.2435,6.2435,6.2435,0.0,6.2435,0
2026-03-16,6.316,6.316,6.316,6.316,0.0,6.316,0
2026-03-17,6.2515,6.2515,6.2515,6.2515,0.0,6.2515,0
2026-03-18,6.0765,6.0765,6.0765,6.0765,0.0,6.0765,0
2026-03-19,5.954,5.954,5.954,5.954,0.0,5.954,0
2026-03-20,5.8565,5.8565,5.8565,5.8565,0.0,5.8565,0
2026-03-23,5.9545,5.9545,5.9545,5.9545,0.0,5.9545,0
2026-03-24,5.941,5.941,5.941,5.941,0.0,5.941,0
2026-03-25,6.047,6.047,6.047,6.047,0.0,6.047,0
2026-03-26,5.965,5.965,5.965,5.965,0.0,5.965,0
2026-03-27,5.967,5.978,5.967,5.978,1.0,5.967,1
2026-03-30,5.9925,5.9925,5.9925,5.9925,0.0,5.9925,0
2026-03-31,6.1015,6.1015,6.1015,6.1015,0.0,6.1015,0
2026-04-01,6.1345,6.1345,6.1345,6.1345,0.0,6.1345,0
2026-04-02,6.074,6.074,6.074,6.074,0.0,6.074,0
2026-04-06,6.093,6.093,6.093,6.093,0.0,6.093,0
2026-04-07,6.051,6.051,6.051,6.051,0.0,6.051,0
2026-04-08,6.27,6.27,6.27,6.27,0.0,6.27,0
2026-04-09,6.259,6.259,6.259,6.259,0.0,6.259,0
2026-04-10,6.379,6.379,6.379,6.379,0.0,6.379,0
2026-04-13,6.4875,6.4875,6.4875,6.4875,0.0,6.4875,0
2026-04-14,6.582,6.582,6.582,6.582,0.0,6.582,0
2026-04-15,6.5855,6.5855,6.5855,6.5855,0.0,6.5855,0
2026-04-16,6.5765,6.5765,6.5765,6.5765,0.0,6.5765,0
2026-04-17,6.614,6.614,6.614,6.614,0.0,6.614,0
2026-04-20,6.549,6.549,6.549,6.549,0.0,6.549,0
2026-04-21,6.514,6.514,6.514,6.514,0.0,6.514,0
2026-04-22,6.633,6.633,6.633,6.633,0.0,6.633,0
2026-04-23,6.583,6.583,6.583,6.583,0.0,6.583,0
2026-04-24,6.5305,6.5305,6.5305,6.5305,0.0,6.5305,0
2026-04-27,6.5205,6.5205,6.5205,6.5205,0.0,6.5205,0
2026-04-28,6.415,6.415,6.415,6.415,0.0,6.415,0
2026-04-29,6.3765,6.3765,6.3765,6.3765,0.0,6.3765,0
2026-04-30,6.423,6.423,6.423,6.423,0.0,6.423,0
2026-05-01,6.4255,6.4255,6.4255,6.4255,0.0,6.4255,0
2026-05-04,6.291,6.291,6.291,6.291,0.0,6.291,0
2026-05-05,6.4405,6.4405,6.4405,6.4405,0.0,6.4405,0
2026-05-06,6.636,6.636,6.636,6.636,0.0,6.636,0
2026-05-07,6.6235,6.6235,6.6235,6.6235,0.0,6.6235,0
2026-05-08,6.748,6.748,6.748,6.748,0.0,6.748,0
2026-05-11,6.9145,6.9145,6.9145,6.9145,0.0,6.9145,0
2026-05-12,6.9865,6.9865,6.9865,6.9865,0.0,6.9865,0
2026-05-13,7.1335,7.1335,7.1335,7.1335,0.0,7.1335,0
2026-05-14,7.066,7.066,7.066,7.066,0.0,7.066,0
2026-05-15,6.7505,6.7505,6.7505,6.7505,0.0,6.7505,0
2026-05-18,6.775,6.775,6.775,6.775,0.0,6.775,0
2026-05-19,6.6675,6.6675,6.6675,6.6675,0.0,6.6675,0
2026-05-20,6.7905,6.7905,6.7905,6.7905,0.0,6.7905,0
2026-05-21,6.759,6.759,6.759,6.759,0.0,6.759,0
2026-05-22,6.847,6.847,6.847,6.847,0.0,6.847,0
2026-05-26,6.873,6.873,6.873,6.873,0.0,6.873,0
2026-05-27,6.816,6.816,6.816,6.816,0.0,6.816,0
2026-05-28,6.904,6.904,6.904,6.904,0.0,6.904,0
2026-05-29,6.873,6.873,6.873,6.873,0.0,6.873,0
2026-06-01,7.039,7.039,7.039,7.039,0.0,7.039,0
2026-06-02,7.1665,7.1665,7.1665,7.1665,0.0,7.1665,0
2026-06-03,6.9965,6.9965,6.9965,6.9965,0.0,6.9965,0
2026-06-04,7.0215,7.0215,7.0215,7.0215,0.0,7.0215,0
2026-06-05,6.7705,6.7705,6.7705,6.7705,0.0,6.7705,0
2026-06-08,6.837,6.837,6.837,6.837,0.0,6.837,0
2026-06-09,6.807,6.807,6.807,6.807,0.0,6.807,0
2026-06-10,6.744,6.744,6.744,6.744,0.0,6.744,0
2026-06-11,6.7495,6.7495,6.7495,6.7495,0.0,6.7495,0
2026-06-12,6.9225,6.9225,6.9225,6.9225,0.0,6.9225,0
2026-06-15,6.9815,6.9815,6.9815,6.9815,0.0,6.9815,0
2026-06-16,6.9935,6.9935,6.9935,6.9935,0.0,6.9935,0
2026-06-17,7.0035,7.0035,6.99,6.99,1.0,7.0035,1
2026-06-18,6.877,6.877,6.877,6.877,0.0,6.877,0
2026-06-22,6.859,6.859,6.859,6.859,0.0,6.859,0
2026-06-23,6.647,6.647,6.647,6.647,0.0,6.647,0
2026-06-24,6.468,6.468,6.468,6.468,0.0,6.468,0
2026-06-25,6.5825,6.5825,6.5825,6.5825,0.0,6.5825,0
2026-06-26,6.6485,6.6485,6.6485,6.6485,0.0,6.6485,0
2026-06-29,6.6015,6.6015,6.6015,6.6015,0.0,6.6015,0
2026-06-30,6.6795,6.6795,6.6795,6.6795,0.0,6.6795,0
2026-07-01,6.611,6.611,6.611,6.611,0.0,6.611,0
2026-07-02,6.604,6.604,6.604,6.604,0.0,6.604,0
2026-07-06,6.6825,6.6825,6.6825,6.6825,0.0,6.6825,0
2026-07-07,6.68,6.68,6.68,6.68,0.0,6.68,0
2026-07-08,6.5665,6.5665,6.5665,6.5665,0.0,6.5665,0
2026-07-09,6.723,6.723,6.723,6.723,1.0,6.723,1
2026-07-10,6.7475,6.7475,6.7475,6.7475,0.0,6.7475,0
2026-07-13,6.745,6.745,6.745,6.745,0.0,6.745,0
2026-07-14,6.84,6.84,6.84,6.84,0.0,6.84,0
2026-07-15,6.8025,6.8025,6.8025,6.8025,0.0,6.8025,0
2026-07-16,6.802,6.802,6.802,6.802,0.0,6.802,0
2026-07-17,6.7255,6.7255,6.7255,6.7255,0.0,6.7255,0
2026-07-20,6.804,6.804,6.804,6.804,0.0,6.804,0
2026-07-21,7.028,7.028,7.028,7.028,0.0,7.028,0
2026-07-22,6.9705,6.9705,6.9705,6.9705,0.0,6.9705,0
2026-07-23,6.8195,6.8195,6.8195,6.8195,0.0,6.8195,0
2026-07-24,6.8345,6.8345,6.8345,6.8345,0.0,6.8345,0
2026-07-27,6.857,6.857,6.857,6.857,0.0,6.857,0
2026-07-28,6.841,6.841,6.841,6.841,0.0,6.841,0
2026-07-29,6.7995,6.7995,6.7995,6.7995,0.0,6.7995,0
2026-07-30,6.9625,6.9625,6.9625,6.9625,0.0,6.9625,0
