date,TIC_NET_TOTAL,TIC_NET_OFFICIAL,TIC_HOLD_OFFICIAL,TIC_HOLD_TOTAL,TIC_HOLD_JAPAN,TIC_HOLD_CHINA,TIC_HOLD_SAUDI,TIC_HOLD_UAE,TIC_HOLD_UK,TIC_HOLD_FRANCE,TIC_HOLD_BELGIUM,TIC_HOLD_IRELAND,TIC_HOLD_LUXEMBOURG,TIC_HOLD_SWISS
1984-12-01,,,144081.0,194490.0,,,,,,,,,,
1985-01-01,336.0,-938.0,144077.0,196137.0,,,,,,,,,,
1985-02-01,-1841.0,-2983.0,138756.0,191043.0,,,,,,,,,,
1985-03-01,-1774.0,-3244.0,136395.0,190502.0,,,,,,,,,,
1985-04-01,6107.0,1666.0,138908.0,197822.0,,,,,,,,,,
1985-05-01,2065.0,2764.0,144803.0,204572.0,,,,,,,,,,
1985-06-01,7480.0,4361.0,149369.0,212354.0,,,,,,,,,,
1985-07-01,7468.0,3676.0,151867.0,218065.0,,,,,,,,,,
1985-08-01,-2833.0,-162.0,152437.0,216340.0,,,,,,,,,,
1985-09-01,4533.0,-3508.0,148826.0,220721.0,,,,,,,,,,
1985-10-01,-1312.0,-3561.0,146274.0,220954.0,,,,,,,,,,
1985-11-01,2536.0,-528.0,147063.0,225528.0,,,,,,,,,,
1985-12-01,2782.0,1403.0,150569.0,231599.0,,,,,,,,,,
1986-01-01,-2186.0,214.0,150473.0,228920.0,,,,,,,,,,
1986-02-01,2661.0,1480.0,155466.0,237019.0,,,,,,,,,,
1986-03-01,10671.0,1697.0,160666.0,253058.0,,,,,,,,,,
1986-04-01,11539.0,7216.0,167514.0,264001.0,,,,,,,,,,
1986-05-01,2910.0,4151.0,168058.0,260959.0,,,,,,,,,,
1986-06-01,5877.0,3434.0,174339.0,271452.0,,,,,,,,,,
1986-07-01,3454.0,6204.0,180419.0,274705.0,,,,,,,,,,
1986-08-01,3369.0,3896.0,186847.0,282108.0,,,,,,,,,,
1986-09-01,5145.0,2093.0,186162.0,282830.0,,,,,,,,,,
1986-10-01,3272.0,3512.0,190427.0,287308.0,,,,,,,,,,
1986-11-01,-3009.0,-421.0,190582.0,285206.0,,,,,,,,,,
1986-12-01,1160.0,578.0,190399.0,285185.0,,,,,,,,,,
1987-01-01,-1124.0,1347.0,192227.0,284810.0,,,,,,,,,,
1987-02-01,1909.0,329.0,192666.0,286888.0,,,,,,,,,,
1987-03-01,9561.0,9928.0,200881.0,293835.0,,,,,,,,,,
1987-04-01,1626.0,7522.0,204351.0,289341.0,,,,,,,,,,
1987-05-01,-2044.0,1180.0,204121.0,285245.0,,,,,,,,,,
1987-06-01,10370.0,2544.0,207168.0,296320.0,,,,,,,,,,
1987-07-01,-4470.0,-5087.0,200736.0,289890.0,,,,,,,,,,
1987-08-01,5818.0,7249.0,206201.0,293143.0,,,,,,,,,,
1987-09-01,-2383.0,-1310.0,201207.0,285534.0,,,,,,,,,,
1987-10-01,995.0,5117.0,210657.0,292635.0,,,,,,,,,,
1987-11-01,11822.0,5355.0,215608.0,303901.0,,,,,,,,,,
1987-12-01,8073.0,7755.0,224011.0,312882.0,,,,,,,,,,
1988-01-01,7379.0,6529.0,234333.0,325584.0,,,,,,,,,,
1988-02-01,14716.0,9666.0,244485.0,340975.0,,,,,,,,,,
1988-03-01,12266.0,10215.0,251762.0,349126.0,,,,,,,,,,
1988-04-01,2274.0,2164.0,251882.0,348554.0,,,,,,,,,,
1988-05-01,12183.0,6578.0,255989.0,357308.0,,,,,,,,,,
1988-06-01,-1823.0,-3447.0,255154.0,359170.0,,,,,,,,,,
1988-07-01,2026.0,-1054.0,251694.0,357798.0,,,,,,,,,,
1988-08-01,-562.0,-1670.0,249052.0,355839.0,,,,,,,,,,
1988-09-01,-748.0,-1561.0,249941.0,358642.0,,,,,,,,,,
1988-10-01,6159.0,4199.0,255872.0,367313.0,,,,,,,,,,
1988-11-01,13393.0,5208.0,257898.0,376066.0,,,,,,,,,,
1988-12-01,-1283.0,1848.0,259169.0,373923.0,,,,,,,,,,
1989-01-01,199.0,-3558.0,256510.0,375446.0,,,,,,,,,,
1989-02-01,8972.0,3852.0,257736.0,380552.0,,,,,,,,,,
1989-03-01,5997.0,3683.0,261214.0,386244.0,,,,,,,,,,
1989-04-01,-627.0,-546.0,263170.0,389325.0,,,,,,,,,,
1989-05-01,3754.0,-5874.0,260198.0,397400.0,,,,,,,,,,
1989-06-01,-8291.0,-4786.0,260298.0,396624.0,,,,,,,,,,
1989-07-01,-343.0,2967.0,265929.0,400293.0,,,,,,,,,,
1989-08-01,22208.0,10400.0,271646.0,415588.0,,,,,,,,,,
1989-09-01,4483.0,-1509.0,269566.0,419206.0,,,,,,,,,,
1989-10-01,-5755.0,-6468.0,266904.0,419280.0,,,,,,,,,,
1989-11-01,9717.0,1978.0,269422.0,429821.0,,,,,,,,,,
1989-12-01,-4919.0,-4161.0,264149.0,423173.0,,,,,,,,,,
1990-01-01,-335.0,-483.0,259530.0,415499.0,,,,,,,,,,
1990-02-01,-2550.0,-4822.0,253826.0,411386.0,,,,,,,,,,
1990-03-01,-10118.0,-3994.0,248435.0,398766.0,,,,,,,,,,
1990-04-01,-1804.0,1278.0,246822.0,391825.0,,,,,,,,,,
1990-05-01,1631.0,832.0,251346.0,399902.0,,,,,,,,,,
1990-06-01,3773.0,1184.0,254095.0,406414.0,,,,,,,,,,
1990-07-01,6160.0,2090.0,257170.0,414308.0,,,,,,,,,,
1990-08-01,4983.0,6913.0,260113.0,412239.0,,,,,,,,,,
1990-09-01,-131.0,3495.0,264076.0,412922.0,,,,,,,,,,
1990-10-01,1294.0,1310.0,267149.0,417236.0,,,,,,,,,,
1990-11-01,10670.0,11799.0,281906.0,432924.0,,,,,,,,,,
1990-12-01,1818.0,5428.0,289037.0,437608.0,,,,,,,,,,
1991-01-01,10525.0,6611.0,296410.0,449392.0,,,,,,,,,,
1991-02-01,10310.0,5964.0,302159.0,459347.0,,,,,,,,,,
1991-03-01,-17934.0,-12823.0,288851.0,440608.0,,,,,,,,,,
1991-04-01,-3831.0,-3419.0,286303.0,438245.0,,,,,,,,,,
1991-05-01,15295.0,3239.0,288877.0,452410.0,,,,,,,,,,
1991-06-01,-3405.0,-3861.0,283301.0,445989.0,,,,,,,,,,
1991-07-01,1362.0,811.0,285080.0,449075.0,,,,,,,,,,
1991-08-01,3844.0,1875.0,290248.0,458821.0,,,,,,,,,,
1991-09-01,-3250.0,2612.0,295831.0,460926.0,,,,,,,,,,
1991-10-01,5186.0,4379.0,300690.0,466964.0,,,,,,,,,,
1991-11-01,3404.0,5473.0,306939.0,471745.0,,,,,,,,,,
1991-12-01,3289.0,2160.0,315198.0,485643.0,,,,,,,,,,
1992-01-01,10291.0,8772.0,318920.0,487141.0,,,,,,,,,,
1992-02-01,6173.0,1876.0,320304.0,492465.0,,,,,,,,,,
1992-03-01,-2133.0,4259.0,321696.0,485319.0,,,,,,,,,,
1992-04-01,6952.0,2497.0,324192.0,492269.0,,,,,,,,,,
1992-05-01,628.0,5363.0,332250.0,497619.0,,,,,,,,,,
1992-06-01,11871.0,3276.0,337402.0,512753.0,,,,,,,,,,
1992-07-01,3885.0,4480.0,346362.0,524528.0,,,,,,,,,,
1992-08-01,5857.0,-968.0,346198.0,531803.0,,,,,,,,,,
1992-09-01,-7776.0,-4315.0,343969.0,527750.0,,,,,,,,,,
1992-10-01,-3361.0,-6378.0,332739.0,515660.0,,,,,,,,,,
1992-11-01,11736.0,-4200.0,326696.0,524067.0,,,,,,,,,,
1992-12-01,4146.0,3109.0,332336.0,532989.0,,,,,,,,,,
1993-01-01,5331.0,3873.0,339818.0,545151.0,,,,,,,,,,
1993-02-01,-1754.0,-2144.0,341116.0,550009.0,,,,,,,,,,
1993-03-01,7867.0,-956.0,339580.0,556745.0,,,,,,,,,,
1993-04-01,4470.0,2479.0,342587.0,562266.0,,,,,,,,,,
1993-05-01,4618.0,3748.0,344717.0,563672.0,,,,,,,,,,
1993-06-01,-6957.0,-960.0,347627.0,564505.0,,,,,,,,,,
1993-07-01,6853.0,4418.0,352127.0,571523.0,,,,,,,,,,
1993-08-01,20996.0,8964.0,364915.0,600289.0,,,,,,,,,,
1993-09-01,-8134.0,6249.0,370867.0,591535.0,,,,,,,,,,
1993-10-01,2597.0,3171.0,373661.0,593372.0,,,,,,,,,,
1993-11-01,20752.0,10750.0,380581.0,606390.0,,,,,,,,,,
1993-12-01,6893.0,9838.0,390046.0,612526.0,,,,,,,,,,
1994-01-01,-4741.0,782.0,392861.0,611859.0,,,,,,,,,,
1994-02-01,9933.0,-251.0,386045.0,608810.0,,,,,,,,,,
1994-03-01,6159.0,1568.0,380715.0,601175.0,,,,,,,,,,
1994-04-01,-20126.0,-9551.0,368031.0,574685.0,,,,,,,,,,
1994-05-01,12611.0,5669.0,372103.0,584102.0,,,,,,,,,,
1994-06-01,6122.0,10805.0,381030.0,586468.0,,,,,,,,,,
1994-07-01,-1707.0,10213.0,394264.0,590737.0,,,,,,,,,,
1994-08-01,16417.0,6800.0,399699.0,604453.0,,,,,,,,,,
1994-09-01,6751.0,149.0,394767.0,601215.0,,,,,,,,,,
1994-10-01,19792.0,12629.0,405715.0,617690.0,,,,,,,,,,
1994-11-01,7711.0,-1765.0,401932.0,621383.0,,,,,,,,,,
1994-12-01,5011.0,-2829.0,399123.0,626435.0,,,,,,,,,,
1995-01-01,1225.0,-4422.0,397932.0,633396.0,,,,,,,,,,
1995-02-01,15533.0,3888.0,406029.0,656518.0,,,,,,,,,,
1995-03-01,16814.0,11606.0,417712.0,673475.0,,,,,,,,,,
1995-04-01,9398.0,8061.0,427782.0,686583.0,,,,,,,,,,
1995-05-01,18322.0,6783.0,444249.0,722811.0,,,,,,,,,,
1995-06-01,20368.0,11156.0,456081.0,744471.0,,,,,,,,,,
1995-07-01,35732.0,22290.0,475555.0,774808.0,,,,,,,,,,
1995-08-01,22010.0,-2122.0,475292.0,800378.0,,,,,,,,,,
1995-09-01,-7765.0,1370.0,477954.0,795197.0,,,,,,,,,,
1995-10-01,-2901.0,228.0,481251.0,798415.0,,,,,,,,,,
1995-11-01,25778.0,13465.0,497968.0,830609.0,,,,,,,,,,
1995-12-01,-16740.0,72.0,500883.0,819630.0,,,,,,,,,,
1996-01-01,16600.0,18607.0,519773.0,836792.0,,,,,,,,,,
1996-02-01,36056.0,26256.0,537299.0,855841.0,,,,,,,,,,
1996-03-01,14798.0,12457.0,544896.0,861155.0,,,,,,,,,,
1996-04-01,-2408.0,-2946.0,537900.0,850816.0,,,,,,,,,,
1996-05-01,15457.0,8727.0,544113.0,861385.0,,,,,,,,,,
1996-06-01,3391.0,-7127.0,539492.0,869660.0,,,,,,,,,,
1996-07-01,41673.0,8724.0,547081.0,909051.0,,,,,,,,,,
1996-08-01,10945.0,7744.0,552092.0,914294.0,,,,,,,,,,
1996-09-01,2564.0,10089.0,566054.0,924979.0,,,,,,,,,,
1996-10-01,22422.0,9961.0,582160.0,959919.0,,,,,,,,,,
1996-11-01,37432.0,18561.0,605347.0,1006946.0,,,,,,,,,,
1996-12-01,40470.0,12304.0,611410.0,1034286.0,,,,,,,,,,
1997-01-01,6206.0,2949.0,612512.0,1036538.0,,,,,,,,,,
1997-02-01,24337.0,13742.0,624682.0,1057506.0,,,,,,,,,,
1997-03-01,17183.0,7104.0,624918.0,1059914.0,,,,,,,,,,
1997-04-01,12288.0,-2119.0,626466.0,1080132.0,,,,,,,,,,
1997-05-01,-10895.0,-3895.0,623844.0,1072021.0,,,,,,,,,,
1997-06-01,13633.0,-3565.0,622739.0,1091030.0,,,,,,,,,,
1997-07-01,-842.0,-3837.0,629166.0,1112656.0,,,,,,,,,,
1997-08-01,29059.0,13039.0,635154.0,1126163.0,,,,,,,,,,
1997-09-01,8021.0,322.0,639937.0,1144100.0,,,,,,,,,,
1997-10-01,6858.0,-20113.0,625344.0,1163322.0,,,,,,,,,,
1997-11-01,8694.0,-821.0,624512.0,1171991.0,,,,,,,,,,
1997-12-01,-16526.0,-1635.0,625193.0,1160948.0,,,,,,,,,,
1998-01-01,-7679.0,-3233.0,626493.0,1163920.0,,,,,,,,,,
1998-02-01,8915.0,300.0,623154.0,1164219.0,,,,,,,,,,
1998-03-01,-2484.0,15451.0,637333.0,1158705.0,,,,,,,,,,
1998-04-01,-15698.0,-13112.0,623832.0,1142095.0,,,,,,,,,,
1998-05-01,17095.0,582.0,626726.0,1164614.0,,,,,,,,,,
1998-06-01,-7298.0,-6394.0,623285.0,1164365.0,,,,,,,,,,
1998-07-01,-9964.0,-2296.0,619227.0,1150157.0,,,,,,,,,,
1998-08-01,-24098.0,-16430.0,613011.0,1150587.0,,,,,,,,,,
1998-09-01,-13523.0,-8391.0,615153.0,1162904.0,,,,,,,,,,
1998-10-01,3940.0,9988.0,621306.0,1157324.0,,,,,,,,,,
1998-11-01,37092.0,17272.0,636154.0,1188525.0,,,,,,,,,,
1998-12-01,8321.0,5959.0,640604.0,1193189.0,,,,,,,,,,
1999-01-01,-4183.0,4029.0,644969.0,1189819.0,,,,,,,,,,
1999-02-01,-13218.0,-2596.0,627757.0,1141446.0,,,,,,,,,,
1999-03-01,6540.0,-1270.0,625811.0,1146370.0,,,,,,,,,,
1999-04-01,-20162.0,-13010.0,611554.0,1123190.0,,,,,,,,,,
1999-05-01,4357.0,3846.0,608792.0,1111374.0,,,,,,,,,,
1999-06-01,-725.0,3027.0,608560.0,1102692.0,,,,,,,,,,
1999-07-01,491.0,8831.0,614627.0,1096438.0,,,,,,,,,,
1999-08-01,21448.0,8961.0,621289.0,1112296.0,,,,,,,,,,
1999-09-01,-6252.0,-1853.0,620542.0,1108761.0,,,,,,,,,,
1999-10-01,-12136.0,614.0,619258.0,1091949.0,,,,,,,,,,
1999-11-01,-8990.0,-4043.0,612064.0,1075247.0,,,,,,,,,,
1999-12-01,5106.0,8116.0,614878.0,1067348.0,,,,,,,,,,
2000-01-01,3845.0,4600.0,618206.0,1068099.0,,,,,,,,,,
2000-02-01,4487.0,5540.0,626852.0,1080094.0,,,,,,,,,,
2000-03-01,-11089.0,23716.0,654915.0,1079301.0,,,,,,,,,,
2000-04-01,3097.0,-1010.0,650708.0,1076594.0,,,,,,,,,,
2000-05-01,-17571.0,-8491.0,640766.0,1056381.0,,,,,,,,,,
2000-06-01,-12216.0,8100.0,653454.0,1052462.0,,,,,,,,,,
2000-07-01,-5036.0,4004.0,659201.0,1050525.0,,,,,,,,,,
2000-08-01,-2829.0,2127.0,664680.0,1053619.0,,,,,,,,,,
2000-09-01,-15839.0,-9308.0,654347.0,1035967.0,,,,,,,,,,
2000-10-01,-4363.0,-6537.0,649220.0,1034094.0,,,,,,,,,,
2000-11-01,-15035.0,-3622.0,651198.0,1029095.0,,,,,,,,,,
2000-12-01,-6670.0,876.0,657614.0,1032282.0,,,,,,,,,,
2001-01-01,-4763.0,9895.0,669761.0,1031470.0,,,,,,,,,,
2001-02-01,3868.0,-1160.0,671361.0,1040050.0,,,,,,,,,,
2001-03-01,-3605.0,1505.0,672812.0,1036352.0,,,,,,,,,,
2001-04-01,-25422.0,-18956.0,647782.0,1000441.0,,,,,,,,,,
2001-05-01,-2256.0,-3612.0,643623.0,997239.0,,,,,,,,,,
2001-06-01,-3648.0,-621.0,642919.0,993448.0,,,,,,,,,,
2001-07-01,-7928.0,4770.0,655085.0,998415.0,,,,,,,,,,
2001-08-01,17435.0,13430.0,671447.0,1020900.0,,,,,,,,,,
2001-09-01,-1825.0,3152.0,680276.0,1028902.0,,,,,,,,,,
2001-10-01,23399.0,11175.0,699850.0,1066769.0,,,,,,,,,,
2001-11-01,20153.0,13795.0,702670.0,1067745.0,,,,,,,,,,
2001-12-01,3271.0,-3348.0,693776.0,1061310.0,,,,,,,,,,
2002-01-01,-11152.0,472.0,694474.0,1050556.0,,,,,,,,,,
2002-02-01,5776.0,1487.0,697679.0,1059343.0,,,,,,,,,,
2002-03-01,21261.0,6655.0,692841.0,1060275.0,,,,,,,,,,
2002-04-01,-15530.0,-4389.0,696369.0,1058983.0,,,,,,,,,,
2002-05-01,17720.0,10979.0,707604.0,1077162.0,,,,,,,,,,
2002-06-01,35564.0,21173.0,732837.0,1120121.0,,,,,,,,,,
2002-07-01,35449.0,11684.0,753063.0,1169390.0,,,,,,,,,,
2002-08-01,4080.0,3828.0,763141.0,1183860.0,,,,,,,,,,
2002-09-01,16389.0,-6906.0,765705.0,1216021.0,,,,,,,,,,
2002-10-01,2425.0,10299.0,769976.0,1208129.0,,,,,,,,,,
2002-11-01,22740.0,16336.0,779627.0,1219499.0,,,,,,,,,,
2002-12-01,12432.0,3728.0,792923.0,1248138.0,,,,,,,,,,
2003-01-01,-1064.0,7544.0,796867.0,1240933.0,,,,,,,,,,
2003-02-01,-4726.0,11123.0,813528.0,1245621.0,399474.0,129282.0,,,50974.0,22329.0,15059.0,11393.0,24695.0,38854.0
2003-03-01,35733.0,7418.0,817285.0,1275239.0,405497.0,140419.0,,,52852.0,21738.0,12138.0,11565.0,24875.0,40248.0
2003-04-01,-442.0,-4734.0,812527.0,1274755.0,407694.0,141657.0,,,48075.0,21709.0,12171.0,11131.0,25169.0,39847.0
2003-05-01,46191.0,24021.0,846566.0,1338270.0,452005.0,146270.0,,,46708.0,20410.0,12247.0,12203.0,25211.0,39155.0
2003-06-01,38520.0,19200.0,861358.0,1369060.0,461031.0,147106.0,,,53142.0,22499.0,12039.0,12647.0,25186.0,41098.0
2003-07-01,45110.0,13751.0,852910.0,1376161.0,451231.0,149349.0,,,68842.0,20558.0,12191.0,12826.0,26617.0,40016.0
2003-08-01,23910.0,14531.0,867672.0,1400477.0,459662.0,149864.0,,,68754.0,21078.0,13934.0,13906.0,28470.0,41599.0
2003-09-01,-3591.0,9002.0,889171.0,1419157.0,486192.0,154077.0,,,53951.0,23559.0,14251.0,14290.0,29618.0,42417.0
2003-10-01,6770.0,30960.0,910309.0,1408627.0,497111.0,159166.0,,,53300.0,25268.0,14608.0,13244.0,29896.0,41224.0
2003-11-01,44732.0,39264.0,947676.0,1450106.0,519475.0,164364.0,,,49307.0,27176.0,15182.0,13148.0,31099.0,42315.0
2003-12-01,22760.0,20165.0,970914.0,1478116.0,540952.0,172986.0,,,48676.0,25220.0,14515.0,12400.0,31951.0,41467.0
2004-01-01,44378.0,37280.0,1010285.0,1526063.0,574068.0,175022.0,,,51183.0,25028.0,14801.0,11872.0,33886.0,39717.0
2004-02-01,38420.0,36788.0,1052115.0,1573059.0,607757.0,176576.0,,,48358.0,22027.0,13337.0,12258.0,36819.0,42521.0
2004-03-01,58447.0,43920.0,1099069.0,1636630.0,641710.0,183777.0,,,46279.0,27373.0,13296.0,10546.0,38188.0,42384.0
2004-04-01,39937.0,23817.0,1100158.0,1638298.0,633585.0,187064.0,,,52939.0,23553.0,13476.0,10250.0,36856.0,43260.0
2004-05-01,30579.0,26136.0,1121313.0,1660461.0,645082.0,190766.0,,,48754.0,22788.0,13852.0,14763.0,36965.0,40490.0
2004-06-01,74401.0,38604.0,1159324.0,1733854.0,666635.0,194295.0,,,45722.0,23132.0,16428.0,12839.0,39689.0,40766.0
2004-07-01,7513.0,10277.0,1173299.0,1747152.0,675948.0,201460.0,,,45578.0,24299.0,15972.0,15472.0,39283.0,38910.0
2004-08-01,8946.0,20238.0,1205112.0,1774200.0,705209.0,213362.0,,,45587.0,23194.0,15904.0,16964.0,39354.0,39729.0
2004-09-01,15348.0,22880.0,1226269.0,1786883.0,701794.0,225063.0,,,41257.0,23411.0,15952.0,16392.0,38831.0,38918.0
2004-10-01,8946.0,13832.0,1242947.0,1800199.0,695250.0,235308.0,,,40757.0,21512.0,16049.0,17492.0,39199.0,40841.0
2004-11-01,25262.0,22048.0,1251403.0,1804670.0,686232.0,242108.0,,,52120.0,21286.0,16523.0,19744.0,38439.0,39574.0
2004-12-01,-6683.0,-802.0,1254470.0,1803901.0,683639.0,250049.0,,,56659.0,22113.0,16730.0,19513.0,39125.0,39397.0
2005-01-01,15944.0,7369.0,1263111.0,1821782.0,672188.0,255257.0,,,47898.0,23642.0,16502.0,19625.0,39219.0,37947.0
2005-02-01,31280.0,11502.0,1265109.0,1838456.0,666566.0,259006.0,,,49454.0,29855.0,16220.0,22655.0,39815.0,40735.0
2005-03-01,28823.0,-566.0,1258762.0,1858320.0,662515.0,260776.0,,,50891.0,28014.0,14738.0,22935.0,38810.0,39710.0
2005-04-01,18221.0,-4555.0,1264594.0,1893147.0,673190.0,284155.0,,,45837.0,25652.0,15195.0,19779.0,41718.0,39055.0
2005-05-01,-9148.0,14940.0,1285676.0,1893877.0,673605.0,292939.0,,,44237.0,31862.0,15286.0,25294.0,40638.0,37280.0
2005-06-01,-19551.0,-4232.0,1282866.0,1876588.0,667105.0,297950.0,,,50626.0,23248.0,15389.0,22161.0,38841.0,34879.0
2005-07-01,18361.0,17929.0,1286494.0,1873817.0,662283.0,297735.0,,,58552.0,26009.0,15200.0,22382.0,38472.0,32705.0
2005-08-01,23456.0,18319.0,1314616.0,1911848.0,668590.0,311034.0,,,65677.0,28046.0,15333.0,17886.0,42195.0,34394.0
2005-09-01,454.0,-3179.0,1297310.0,1891158.0,664476.0,316358.0,,,65554.0,27671.0,14871.0,17383.0,43166.0,33876.0
2005-10-01,32152.0,21315.0,1309236.0,1909054.0,654862.0,314079.0,,,61179.0,28771.0,14281.0,19764.0,43952.0,34980.0
2005-11-01,65817.0,27298.0,1337490.0,1976333.0,656121.0,321409.0,,,84625.0,29837.0,14288.0,20168.0,45862.0,33866.0
2005-12-01,-3495.0,4608.0,1347000.0,1980520.0,661205.0,333915.0,,,83389.0,29322.0,15505.0,16539.0,47018.0,34766.0
2006-01-01,8241.0,24193.0,1365603.0,1980012.0,642290.0,341044.0,,,80911.0,30117.0,14961.0,17338.0,48354.0,34894.0
2006-02-01,22705.0,31315.0,1394586.0,1999100.0,644536.0,349926.0,,,72589.0,32762.0,15198.0,15070.0,51168.0,36293.0
2006-03-01,7866.0,2753.0,1385637.0,1988877.0,621871.0,352058.0,,,73750.0,32160.0,14772.0,14853.0,52958.0,36374.0
2006-04-01,-25540.0,7384.0,1387154.0,1954212.0,619995.0,357118.0,,,47727.0,27218.0,14743.0,12420.0,55508.0,37053.0
2006-05-01,8796.0,10880.0,1394565.0,1957716.0,615455.0,364321.0,,,41360.0,27573.0,14364.0,13292.0,58112.0,37040.0
2006-06-01,20811.0,3229.0,1396666.0,1976792.0,614661.0,372341.0,,,51412.0,25855.0,13711.0,13820.0,58805.0,37805.0
2006-07-01,14352.0,32120.0,1437065.0,2002907.0,619067.0,386585.0,,,35751.0,22097.0,15466.0,14000.0,59167.0,38951.0
2006-08-01,44413.0,34912.0,1482266.0,2061725.0,632732.0,403967.0,,,40783.0,23228.0,15252.0,15963.0,57919.0,39668.0
2006-09-01,-13502.0,3198.0,1490774.0,2055686.0,630191.0,414714.0,,,41174.0,17131.0,14900.0,15919.0,57855.0,39253.0
2006-10-01,28354.0,34756.0,1526623.0,2085568.0,631222.0,423525.0,,,34109.0,25853.0,14767.0,17429.0,58079.0,39760.0
2006-11-01,41804.0,18356.0,1551506.0,2136419.0,632281.0,432995.0,,,40049.0,29237.0,14761.0,16914.0,58676.0,39151.0
2006-12-01,5265.0,10950.0,1550202.0,2124452.0,634701.0,438190.0,,,46000.0,24739.0,15553.0,13835.0,57182.0,38044.0
2007-01-01,16817.0,9335.0,1553933.0,2133431.0,637181.0,446384.0,,,45463.0,25787.0,14453.0,14793.0,55775.0,37792.0
2007-02-01,21882.0,13485.0,1580885.0,2174314.0,632590.0,471651.0,,,49789.0,20740.0,15493.0,15502.0,56077.0,37565.0
2007-03-01,50206.0,20081.0,1597043.0,2218961.0,626535.0,480283.0,,,58854.0,18048.0,15063.0,14943.0,57385.0,38300.0
2007-04-01,-28840.0,6210.0,1604319.0,2191654.0,630646.0,480732.0,,,30962.0,16771.0,15955.0,11923.0,56851.0,38097.0
2007-05-01,17595.0,7326.0,1597847.0,2189650.0,625934.0,475111.0,,,45768.0,17350.0,15226.0,15633.0,56190.0,37829.0
2007-06-01,5906.0,17327.0,1611645.0,2190465.0,622899.0,477306.0,,,46850.0,16962.0,15237.0,15793.0,55905.0,38499.0
2007-07-01,-1769.0,27031.0,1653120.0,2208213.0,628222.0,485596.0,,,57539.0,20494.0,15815.0,16242.0,59527.0,37681.0
2007-08-01,6384.0,-28562.0,1639151.0,2234299.0,610906.0,482398.0,,,79326.0,17231.0,15299.0,18073.0,61064.0,38332.0
2007-09-01,6827.0,12273.0,1654592.0,2245513.0,610203.0,480787.0,,,86933.0,14806.0,15548.0,18136.0,63922.0,37754.0
2007-10-01,52630.0,23079.0,1681490.0,2303469.0,623429.0,474277.0,,,104855.0,18103.0,15851.0,19380.0,70517.0,38541.0
2007-11-01,23525.0,13728.0,1728012.0,2373499.0,625606.0,485201.0,,,107056.0,18922.0,15954.0,20797.0,77757.0,39386.0
2007-12-01,5167.0,22533.0,1746997.0,2373598.0,616503.0,503764.0,,,73360.0,20449.0,15127.0,22468.0,80248.0,40010.0
2008-01-01,35535.0,54368.0,1829829.0,2449631.0,634553.0,528575.0,,,60242.0,15578.0,15445.0,20213.0,79791.0,40897.0
2008-02-01,14693.0,3895.0,1845806.0,2481400.0,638532.0,527578.0,,,59404.0,15457.0,15877.0,20676.0,95947.0,41244.0
2008-03-01,68327.0,41773.0,1890469.0,2553826.0,655601.0,533099.0,,,58120.0,15123.0,15692.0,23287.0,106888.0,43088.0
2008-04-01,70839.0,32039.0,1893599.0,2583755.0,638535.0,536375.0,,,77939.0,14010.0,15358.0,24068.0,99219.0,43652.0
2008-05-01,1252.0,6066.0,1879609.0,2555861.0,619646.0,535759.0,,,73490.0,14139.0,15232.0,21409.0,93130.0,42731.0
2008-06-01,24187.0,25928.0,1909784.0,2586247.0,628047.0,535095.0,,,52784.0,15439.0,15413.0,19931.0,102570.0,45093.0
2008-07-01,39438.0,42815.0,1953769.0,2627217.0,636867.0,560774.0,,,58207.0,16595.0,15192.0,17148.0,88706.0,46848.0
2008-08-01,67338.0,34108.0,1998784.0,2708916.0,632052.0,598782.0,,,67844.0,20147.0,15230.0,19497.0,88683.0,48282.0
2008-09-01,116456.0,87691.0,2092415.0,2833276.0,620140.0,656065.0,,,90637.0,17757.0,16014.0,33811.0,101984.0,53210.0
2008-10-01,180925.0,86387.0,2177545.0,3012553.0,630719.0,732402.0,,,97017.0,18339.0,16639.0,36216.0,96968.0,66583.0
2008-11-01,59160.0,55505.0,2295596.0,3155265.0,645610.0,794326.0,,,86525.0,16225.0,16717.0,42982.0,91481.0,70880.0
2008-12-01,43668.0,62043.0,2395175.0,3249214.0,657543.0,833025.0,,,75026.0,14404.0,17814.0,56713.0,94588.0,71359.0
2009-01-01,-3186.0,30959.0,2383488.0,3189140.0,651421.0,840635.0,,,56374.0,14716.0,17312.0,52557.0,82101.0,71207.0
2009-02-01,92784.0,62033.0,2433876.0,3266261.0,673492.0,851579.0,,,50766.0,13083.0,16323.0,57350.0,85719.0,78183.0
2009-03-01,106929.0,57765.0,2515533.0,3405292.0,705246.0,894972.0,,,35382.0,22785.0,17524.0,58448.0,99251.0,79333.0
2009-04-01,-1260.0,35619.0,2523149.0,3366067.0,693555.0,890713.0,,,48632.0,25081.0,17831.0,53504.0,88780.0,76284.0
2009-05-01,32916.0,57505.0,2564309.0,3376921.0,678189.0,933188.0,,,46814.0,19604.0,17741.0,54674.0,85983.0,76344.0
2009-06-01,93923.0,68279.0,2624205.0,3459572.0,708157.0,915765.0,,,75164.0,18894.0,17875.0,50604.0,92859.0,85654.0
2009-07-01,44418.0,64585.0,2689982.0,3505498.0,719785.0,960367.0,,,72910.0,17021.0,19351.0,43467.0,80797.0,82281.0
2009-08-01,24844.0,39445.0,2738948.0,3542394.0,727949.0,981003.0,,,69485.0,26634.0,20812.0,41944.0,83232.0,83025.0
2009-09-01,38935.0,33005.0,2779333.0,3590636.0,749089.0,1006174.0,,,65081.0,22944.0,21833.0,38636.0,87902.0,84334.0
2009-10-01,466.0,45321.0,2820318.0,3585651.0,741260.0,1024875.0,,,60740.0,26138.0,22961.0,44759.0,79805.0,87226.0
2009-11-01,96792.0,55463.0,2895275.0,3706852.0,757050.0,1044253.0,,,94527.0,36214.0,25155.0,46164.0,80993.0,92538.0
2009-12-01,15552.0,12981.0,2857601.0,3658106.0,751859.0,1009562.0,,,99631.0,24687.0,25961.0,46623.0,88014.0,91500.0
2010-01-01,16557.0,14825.0,2896736.0,3705455.0,757013.0,1034041.0,,,104900.0,29592.0,27716.0,42995.0,79203.0,87409.0
2010-02-01,42697.0,25901.0,2925270.0,3751510.0,759326.0,1044008.0,,,104991.0,25090.0,28773.0,43176.0,78018.0,85260.0
2010-03-01,131876.0,61453.0,2965888.0,3856676.0,766810.0,1073346.0,,,118498.0,30773.0,30009.0,48111.0,83631.0,82018.0
2010-04-01,72647.0,47426.0,3026755.0,3946775.0,779755.0,1104460.0,,,125644.0,30451.0,32855.0,51333.0,76873.0,83988.0
2010-05-01,6207.0,-19962.0,3032679.0,3986835.0,776750.0,1103517.0,,,116641.0,26909.0,33624.0,54583.0,76010.0,89526.0
2010-06-01,43793.0,8390.0,3070083.0,4068664.0,799884.0,1112127.0,,,90718.0,24233.0,34818.0,55741.0,97571.0,106461.0
2010-07-01,57570.0,48462.0,3126939.0,4136934.0,817494.0,1131445.0,,,93620.0,21316.0,39426.0,52920.0,98520.0,107495.0
2010-08-01,167145.0,80989.0,3238569.0,4343304.0,839424.0,1179104.0,,,153460.0,30595.0,62488.0,53489.0,84490.0,113267.0
2010-09-01,70540.0,88513.0,3323687.0,4409444.0,864639.0,1205644.0,,,150787.0,30431.0,49206.0,57673.0,95758.0,111509.0
2010-10-01,56405.0,69342.0,3386719.0,4457711.0,873524.0,1239000.0,,,154898.0,33030.0,53476.0,56990.0,92539.0,110314.0
2010-11-01,54440.0,29015.0,3395564.0,4486279.0,867894.0,1231875.0,,,169432.0,31226.0,57877.0,59817.0,100344.0,109436.0
2010-12-01,36659.0,-1863.0,3352537.0,4470262.0,860666.0,1222842.0,,,175859.0,26781.0,61592.0,56619.0,110690.0,109738.0
2011-01-01,36080.0,16538.0,3364402.0,4500337.0,860983.0,1227630.0,,,168359.0,45152.0,64829.0,56559.0,110861.0,111096.0
2011-02-01,47388.0,29075.0,3385877.0,4537943.0,861241.0,1235789.0,,,166130.0,48093.0,68978.0,55235.0,113390.0,113356.0
2011-03-01,26462.0,10511.0,3388797.0,4554649.0,874722.0,1235280.0,,,174275.0,36754.0,73516.0,58294.0,120175.0,115017.0
2011-04-01,31057.0,47736.0,3457165.0,4612201.0,876999.0,1263480.0,,,161149.0,40785.0,77719.0,55788.0,121584.0,114013.0
2011-05-01,48536.0,35846.0,3521024.0,4696468.0,888287.0,1294647.0,,,149735.0,45687.0,82628.0,50665.0,116594.0,117899.0
2011-06-01,8396.0,4400.0,3513162.0,4689199.0,881552.0,1306951.0,,,130037.0,45426.0,88835.0,53905.0,121731.0,118082.0
2011-07-01,-26080.0,12298.0,3559096.0,4706967.0,895247.0,1320318.0,,,119466.0,42626.0,91583.0,57199.0,117932.0,121397.0
2011-08-01,91487.0,18881.0,3632840.0,4869685.0,932963.0,1289872.0,,,144098.0,53818.0,97798.0,61811.0,123008.0,164424.0
2011-09-01,4024.0,21523.0,3683476.0,4912151.0,983956.0,1270188.0,,,111416.0,43398.0,132130.0,62905.0,127991.0,158323.0
2011-10-01,11941.0,-13347.0,3647672.0,4894132.0,999939.0,1247346.0,,,100347.0,53511.0,131577.0,66472.0,125949.0,143123.0
2011-11-01,88370.0,36326.0,3694717.0,4996891.0,1062995.0,1249993.0,,,119327.0,59336.0,132799.0,70059.0,126841.0,125699.0
2011-12-01,-13172.0,-33401.0,3676619.0,5004377.0,1058133.0,1151894.0,,,107371.0,44706.0,135205.0,95247.0,147518.0,142425.0
2012-01-01,43804.0,63070.0,3688258.0,5054309.0,1080822.0,1166162.0,,,109741.0,42525.0,131535.0,83924.0,136458.0,145798.0
2012-02-01,78524.0,47274.0,3712895.0,5102653.0,1088573.0,1155225.0,,,113606.0,39716.0,124975.0,94061.0,137121.0,145111.0
2012-03-01,80285.0,38043.0,3722551.0,5145060.0,1080434.0,1144033.0,,,118644.0,45910.0,141399.0,92216.0,137520.0,150411.0
2012-04-01,31034.0,32183.0,3783394.0,5214521.0,1087939.0,1164373.0,,,131025.0,49818.0,132081.0,93022.0,128942.0,150430.0
2012-05-01,6728.0,12262.0,3828575.0,5265271.0,1107225.0,1164023.0,,,131356.0,50587.0,132086.0,91540.0,131163.0,155154.0
2012-06-01,64421.0,43372.0,3857872.0,5310871.0,1108377.0,1147029.0,,,129635.0,49059.0,144495.0,88700.0,137701.0,172365.0
2012-07-01,41154.0,39524.0,3917422.0,5378737.0,1119790.0,1159976.0,,,127733.0,55154.0,141291.0,90618.0,134801.0,184817.0
2012-08-01,80231.0,48289.0,3957066.0,5447410.0,1120937.0,1155173.0,,,129298.0,52880.0,130247.0,91815.0,138601.0,191745.0
2012-09-01,45464.0,13570.0,3958112.0,5476143.0,1128461.0,1153643.0,,,129756.0,59256.0,133166.0,94316.0,147510.0,193466.0
2012-10-01,64400.0,36490.0,3984312.0,5526743.0,1131882.0,1169854.0,,,125719.0,58712.0,136408.0,95321.0,144271.0,187810.0
2012-11-01,891.0,16839.0,4008998.0,5538201.0,1117662.0,1183076.0,,,124859.0,59038.0,138474.0,97353.0,148050.0,192656.0
2012-12-01,56458.0,39401.0,4032835.0,5573789.0,1111176.0,1220382.0,,,123039.0,51354.0,138799.0,103061.0,154663.0,195386.0
2013-01-01,81562.0,40774.0,4048855.0,5622145.0,1103901.0,1214236.0,,,128955.0,52216.0,185558.0,108452.0,147619.0,190038.0
2013-02-01,57885.0,43112.0,4100438.0,5691055.0,1105472.0,1251943.0,,,131063.0,53130.0,187292.0,109628.0,151153.0,186879.0
2013-03-01,25956.0,-3529.0,4093764.0,5724961.0,1114279.0,1270332.0,,,148594.0,56429.0,188353.0,113542.0,154453.0,183558.0
2013-04-01,-38406.0,-30807.0,4080043.0,5709713.0,1112731.0,1290716.0,,,153156.0,50616.0,185504.0,120537.0,149739.0,185800.0
2013-05-01,14097.0,44196.0,4075894.0,5658096.0,1103742.0,1297345.0,,,149165.0,60187.0,175214.0,120480.0,143153.0,182575.0
2013-06-01,-19903.0,-30896.0,4012207.0,5595017.0,1083294.0,1275818.0,,,155029.0,51804.0,176224.0,121154.0,150470.0,180338.0
2013-07-01,6102.0,-9920.0,3996112.0,5592795.0,1135442.0,1279303.0,,,148815.0,49815.0,167673.0,117893.0,146785.0,178178.0
2013-08-01,27897.0,-3277.0,3974535.0,5595815.0,1149118.0,1268085.0,,,148600.0,51927.0,166758.0,120033.0,143792.0,181223.0
2013-09-01,38044.0,26953.0,4015355.0,5652820.0,1178099.0,1293759.0,,,148441.0,54476.0,172482.0,111323.0,141060.0,177224.0
2013-10-01,-7573.0,29770.0,4052294.0,5655097.0,1174388.0,1304491.0,,,148332.0,57724.0,180304.0,110907.0,133307.0,174286.0
2013-11-01,78162.0,33937.0,4074231.0,5716844.0,1186448.0,1316715.0,,,150429.0,51602.0,200613.0,116924.0,130415.0,176555.0
2013-12-01,115965.0,9640.0,4054592.0,5792616.0,1182474.0,1270127.0,,,152199.0,53776.0,256789.0,179552.0,134592.0,176719.0
2014-01-01,9250.0,-15206.0,4068043.0,5841306.0,1201426.0,1275574.0,,,151173.0,57534.0,310301.0,166225.0,135547.0,173773.0
2014-02-01,45250.0,-1183.0,4069349.0,5890055.0,1210751.0,1272889.0,,,164572.0,54944.0,341160.0,171397.0,136915.0,168134.0
2014-03-01,77937.0,-1678.0,4053768.0,5948311.0,1200182.0,1272062.0,,,163484.0,57132.0,381365.0,173253.0,144774.0,175775.0
2014-04-01,-2410.0,4287.0,4067487.0,5959416.0,1209658.0,1263203.0,,,172038.0,62325.0,366430.0,174264.0,141150.0,177558.0
2014-05-01,-12758.0,5300.0,4092211.0,5974520.0,1220140.0,1270859.0,,,166927.0,65377.0,362434.0,170029.0,141456.0,174042.0
2014-06-01,51004.0,25550.0,4108219.0,6018693.0,1219264.0,1268360.0,,,161721.0,63129.0,364138.0,177109.0,145296.0,175888.0
2014-07-01,-1554.0,16207.0,4117632.0,6002631.0,1218985.0,1264901.0,,,161511.0,54840.0,352595.0,174709.0,145602.0,184146.0
2014-08-01,34597.0,23466.0,4163576.0,6069195.0,1230104.0,1269714.0,,,162402.0,59022.0,359866.0,176072.0,150538.0,189092.0
2014-09-01,28396.0,4463.0,4148038.0,6069151.0,1221781.0,1266273.0,,,157692.0,72280.0,353853.0,178816.0,156117.0,186213.0
2014-10-01,-38841.0,-37281.0,4132929.0,6061951.0,1222376.0,1252729.0,,,159962.0,59652.0,348071.0,188503.0,162483.0,184290.0
2014-11-01,29695.0,-6573.0,4142581.0,6114831.0,1241482.0,1250355.0,,,163320.0,67324.0,335714.0,193905.0,166570.0,183847.0
2014-12-01,51159.0,-14438.0,4122566.0,6157966.0,1230893.0,1244300.0,,,179698.0,79238.0,335418.0,202025.0,171815.0,190141.0
2015-01-01,-32974.0,-52771.0,4134665.0,6218657.0,1238599.0,1239052.0,100842.0,77870.0,197812.0,75465.0,354600.0,203705.0,175988.0,205459.0
2015-02-01,12575.0,8789.0,4097127.0,6163378.0,1224422.0,1223714.0,101400.0,82090.0,183198.0,70235.0,345334.0,206491.0,179179.0,201729.0
2015-03-01,-9456.0,28561.0,4138470.0,6172631.0,1224677.0,1260999.0,102816.0,79467.0,190205.0,80416.0,252785.0,214274.0,176737.0,211804.0
2015-04-01,-8900.0,24254.0,4144871.0,6137853.0,1215916.0,1263393.0,105132.0,72831.0,185831.0,74948.0,228867.0,215704.0,171041.0,215767.0
2015-05-01,10286.0,37684.0,4173314.0,6134809.0,1214925.0,1270254.0,107218.0,72528.0,190188.0,51060.0,202811.0,208997.0,176978.0,222652.0
2015-06-01,66965.0,32556.0,4178877.0,6163141.0,1197135.0,1271156.0,109492.0,71375.0,205275.0,55909.0,207668.0,217691.0,183422.0,217024.0
2015-07-01,-65924.0,-20747.0,4173696.0,6119529.0,1200815.0,1268751.0,110087.0,72838.0,203426.0,51419.0,155465.0,216118.0,185171.0,218449.0
2015-08-01,-10289.0,9640.0,4178034.0,6101701.0,1196997.0,1270483.0,112781.0,71246.0,213185.0,58347.0,110739.0,215924.0,184780.0,222653.0
2015-09-01,-24493.0,-50876.0,4147458.0,6105885.0,1177141.0,1257992.0,112253.0,70898.0,203877.0,51683.0,135804.0,222020.0,190959.0,227574.0
2015-10-01,-35698.0,-32170.0,4099153.0,6047211.0,1149191.0,1254836.0,113025.0,71488.0,200648.0,51644.0,138315.0,232429.0,188219.0,225607.0
2015-11-01,105299.0,36343.0,4116567.0,6125412.0,1144860.0,1264456.0,114685.0,68175.0,204461.0,58944.0,143574.0,246004.0,192983.0,227130.0
2015-12-01,36587.0,-11984.0,4093620.0,6146221.0,1122410.0,1246084.0,118861.0,69492.0,207070.0,61630.0,121676.0,264442.0,199566.0,231711.0
2016-01-01,-42360.0,-55782.0,4092118.0,6182363.0,1123614.0,1237972.0,123723.0,66730.0,209614.0,56722.0,137550.0,252060.0,200621.0,237868.0
2016-02-01,25723.0,-30338.0,4079779.0,6241508.0,1133160.0,1252279.0,119888.0,64833.0,230559.0,76644.0,142985.0,255157.0,209124.0,236554.0
2016-03-01,42175.0,-11121.0,4069170.0,6284434.0,1137050.0,1244627.0,116804.0,62520.0,226461.0,67003.0,153775.0,263730.0,221584.0,230424.0
2016-04-01,-36599.0,-17735.0,4043912.0,6236733.0,1142786.0,1242815.0,112963.0,60073.0,216398.0,54534.0,153552.0,257400.0,221682.0,229974.0
2016-05-01,-17925.0,-14570.0,4022226.0,6208327.0,1133247.0,1244007.0,103736.0,61846.0,217092.0,57777.0,151702.0,259337.0,222544.0,229196.0
2016-06-01,-12111.0,-43667.0,4034737.0,6279053.0,1147121.0,1240823.0,98241.0,66236.0,231399.0,51590.0,156345.0,269767.0,225151.0,237866.0
2016-07-01,-36386.0,-30123.0,4008271.0,6248102.0,1154604.0,1218842.0,96485.0,66046.0,210028.0,61647.0,154367.0,269175.0,224211.0,241253.0
2016-08-01,-19651.0,-40824.0,3946435.0,6197113.0,1143986.0,1185104.0,92979.0,64102.0,204891.0,68243.0,157002.0,266402.0,220684.0,238320.0
2016-09-01,-30954.0,-40184.0,3899391.0,6155875.0,1136395.0,1156993.0,89437.0,63821.0,217615.0,69510.0,142742.0,270925.0,228300.0,240960.0
2016-10-01,-63886.0,-28218.0,3839166.0,6043568.0,1131926.0,1115671.0,96722.0,64380.0,207301.0,61375.0,116892.0,273860.0,217763.0,235643.0
2016-11-01,18382.0,808.0,3768247.0,5953048.0,1108612.0,1049349.0,100075.0,63022.0,215820.0,68352.0,113501.0,275184.0,222436.0,230349.0
2016-12-01,60983.0,52569.0,3813442.0,6002797.0,1090764.0,1058423.0,102755.0,60612.0,217191.0,61365.0,120449.0,288189.0,224325.0,229990.0
2017-01-01,-55102.0,-29963.0,3784799.0,5949204.0,1102507.0,1051102.0,112305.0,61245.0,214074.0,60755.0,112203.0,293671.0,218920.0,224009.0
2017-02-01,31718.0,23013.0,3815287.0,6012482.0,1115674.0,1059657.0,116744.0,61697.0,217495.0,64353.0,105653.0,309027.0,217779.0,234334.0
2017-03-01,95230.0,70834.0,3880100.0,6075334.0,1120672.0,1088145.0,124543.0,63026.0,228267.0,69941.0,109944.0,313865.0,218312.0,227606.0
2017-04-01,-34155.0,19120.0,3911664.0,6060465.0,1106897.0,1092197.0,126792.0,60589.0,231454.0,66861.0,96415.0,301915.0,212132.0,234059.0
2017-05-01,31084.0,12435.0,3935275.0,6108369.0,1111485.0,1102212.0,133961.0,60547.0,236384.0,74416.0,98673.0,297795.0,207994.0,239432.0
2017-06-01,59105.0,69471.0,3994397.0,6151906.0,1090253.0,1146455.0,141953.0,58842.0,235966.0,72173.0,98321.0,304386.0,211555.0,244077.0
2017-07-01,76912.0,39200.0,4034493.0,6230158.0,1113285.0,1166914.0,142541.0,59905.0,229605.0,79969.0,99395.0,312308.0,212991.0,244523.0
2017-08-01,-14813.0,-5554.0,4051683.0,6249428.0,1101663.0,1201670.0,137852.0,55863.0,224989.0,76043.0,96867.0,309029.0,213308.0,248218.0
2017-09-01,95454.0,47443.0,4070417.0,6301939.0,1096007.0,1182327.0,136670.0,54338.0,237358.0,78174.0,104751.0,310618.0,213859.0,253342.0
2017-10-01,37016.0,18526.0,4079051.0,6324111.0,1093984.0,1189223.0,145236.0,57684.0,225854.0,77904.0,115989.0,312436.0,217867.0,254009.0
2017-11-01,208.0,-12320.0,4054661.0,6306237.0,1084089.0,1176640.0,147614.0,58168.0,237528.0,76636.0,115271.0,324328.0,218254.0,250889.0
2017-12-01,-22122.0,-32843.0,4023954.0,6211279.0,1061598.0,1184928.0,147374.0,57664.0,249900.0,80941.0,119240.0,326618.0,217572.0,249563.0
2018-01-01,46917.0,20365.0,4001401.0,6194571.0,1066031.0,1168206.0,143657.0,55639.0,243292.0,78396.0,124575.0,327667.0,220873.0,251147.0
2018-02-01,63250.0,53747.0,4030955.0,6221735.0,1060124.0,1176660.0,150916.0,57474.0,250561.0,77017.0,126762.0,314224.0,218582.0,247976.0
2018-03-01,-26269.0,1915.0,4051690.0,6223434.0,1044372.0,1187698.0,151187.0,59301.0,263626.0,80915.0,126689.0,318110.0,221479.0,245417.0
2018-04-01,-1250.0,-17227.0,4006228.0,6179972.0,1031804.0,1181899.0,159907.0,59721.0,262561.0,82555.0,139541.0,300569.0,213835.0,242212.0
2018-05-01,5292.0,-35104.0,3990894.0,6215113.0,1048904.0,1183116.0,162169.0,59957.0,264989.0,89647.0,150508.0,300995.0,208933.0,243442.0
2018-06-01,6396.0,3395.0,3988634.0,6225015.0,1032538.0,1191172.0,164264.0,59583.0,274204.0,93431.0,154694.0,301096.0,220900.0,235454.0
2018-07-01,66442.0,35837.0,4007759.0,6254408.0,1035542.0,1171028.0,166839.0,59743.0,271695.0,110956.0,154549.0,300192.0,221456.0,233117.0
2018-08-01,551.0,-2450.0,4021072.0,6278572.0,1029929.0,1165061.0,169541.0,58957.0,272574.0,113585.0,154275.0,311645.0,224027.0,232047.0
2018-09-01,-6919.0,19600.0,4010108.0,6225896.0,1027954.0,1151432.0,176093.0,59995.0,276322.0,97705.0,164729.0,290376.0,227200.0,226913.0
2018-10-01,-928.0,-46440.0,3947139.0,6200308.0,1018461.0,1138931.0,171289.0,57692.0,263933.0,109362.0,169704.0,287292.0,225364.0,225239.0
2018-11-01,-28703.0,-64751.0,3901219.0,6199933.0,1036619.0,1121428.0,169918.0,56258.0,258878.0,131595.0,173038.0,279589.0,225711.0,227493.0
2018-12-01,-10912.0,2198.0,3956774.0,6270130.0,1039704.0,1124270.0,172217.0,56672.0,288003.0,110809.0,185100.0,279888.0,230540.0,229923.0
2019-01-01,43227.0,22014.0,3986303.0,6324590.0,1064921.0,1126695.0,163258.0,55896.0,290122.0,112512.0,191524.0,270070.0,226710.0,226903.0
2019-02-01,67677.0,55112.0,4029714.0,6374472.0,1068798.0,1130877.0,167618.0,54476.0,302530.0,115930.0,181345.0,273977.0,228922.0,221370.0
2019-03-01,28341.0,4252.0,4080853.0,6473999.0,1078059.0,1120478.0,170014.0,55595.0,317106.0,109640.0,186598.0,277597.0,230211.0,226346.0
2019-04-01,-23195.0,1261.0,4070902.0,6433926.0,1064007.0,1113032.0,176573.0,55651.0,300789.0,124746.0,179773.0,269720.0,223729.0,226889.0
2019-05-01,14780.0,-18646.0,4112132.0,6539372.0,1100974.0,1110175.0,179024.0,53234.0,323082.0,125138.0,190501.0,270721.0,229605.0,231318.0
2019-06-01,55333.0,11164.0,4146061.0,6625860.0,1122832.0,1112548.0,179646.0,51543.0,341130.0,131512.0,200108.0,261813.0,230471.0,232374.0
2019-07-01,35278.0,5052.0,4139302.0,6800170.0,1131224.0,1110300.0,180788.0,49314.0,406756.0,136432.0,203327.0,257303.0,229230.0,228329.0
2019-08-01,96014.0,-28010.0,4200166.0,7036405.0,1174649.0,1103526.0,183796.0,49338.0,434622.0,133984.0,214958.0,272292.0,244198.0,233031.0
2019-09-01,-64726.0,-19313.0,4150909.0,6923485.0,1146170.0,1102429.0,181470.0,37293.0,412724.0,132241.0,215537.0,274086.0,252344.0,231064.0
2019-10-01,24297.0,-27166.0,4122871.0,6946390.0,1168485.0,1101545.0,178917.0,38400.0,412673.0,133399.0,205611.0,285427.0,262993.0,233203.0
2019-11-01,-20346.0,-6821.0,4101247.0,6902102.0,1160554.0,1089088.0,179702.0,39877.0,400496.0,123007.0,202387.0,289727.0,261915.0,233371.0
2019-12-01,-28767.0,-6286.0,4076906.0,6844212.0,1155162.0,1069913.0,179798.0,40728.0,392081.0,127655.0,207407.0,281856.0,254610.0,237526.0
2020-01-01,85802.0,32044.0,4169878.0,7027316.0,1211845.0,1078601.0,182850.0,39795.0,450310.0,133966.0,206537.0,271717.0,255212.0,238065.0
2020-02-01,80550.0,22587.0,4264909.0,7226047.0,1268570.0,1092261.0,184434.0,37276.0,477149.0,147622.0,218029.0,282768.0,260808.0,243698.0
2020-03-01,-416527.0,-232447.0,4117857.0,6949484.0,1272645.0,1081615.0,159108.0,28028.0,469682.0,156027.0,206100.0,271602.0,246137.0,244642.0
2020-04-01,-65006.0,-81965.0,4047365.0,6903087.0,1266479.0,1072804.0,125257.0,26280.0,429169.0,137705.0,210177.0,301311.0,265525.0,241300.0
2020-05-01,93723.0,69731.0,4105945.0,6978051.0,1260363.0,1083735.0,123528.0,27942.0,445779.0,130502.0,212098.0,324207.0,262684.0,243080.0
2020-06-01,71380.0,44155.0,4147116.0,7052125.0,1261600.0,1074433.0,124931.0,26112.0,445650.0,144139.0,218816.0,330180.0,267333.0,247346.0
2020-07-01,12347.0,20732.0,4191213.0,7096220.0,1293023.0,1073407.0,124570.0,29529.0,424617.0,130001.0,211834.0,330716.0,264700.0,250352.0
2020-08-01,38300.0,40992.0,4199285.0,7082017.0,1278361.0,1067965.0,129992.0,36576.0,419350.0,133291.0,214931.0,335171.0,268844.0,253360.0
2020-09-01,-10153.0,1265.0,4198868.0,7069204.0,1276184.0,1061746.0,131161.0,33139.0,428453.0,135071.0,218079.0,315706.0,262453.0,255397.0
2020-10-01,47866.0,27391.0,4166760.0,7070427.0,1273127.0,1054018.0,134193.0,29065.0,442807.0,136946.0,239514.0,316268.0,266187.0,255491.0
2020-11-01,-25453.0,5544.0,4176189.0,7051183.0,1260839.0,1062960.0,137596.0,36805.0,420452.0,132375.0,240516.0,314159.0,267847.0,253255.0
2020-12-01,34702.0,20576.0,4186538.0,7070737.0,1251313.0,1072281.0,136382.0,32182.0,440621.0,111270.0,253461.0,318147.0,287667.0,255547.0
2021-01-01,103340.0,66464.0,4224513.0,7128022.0,1276896.0,1095180.0,135122.0,33804.0,438666.0,121500.0,248188.0,313621.0,280887.0,254007.0
2021-02-01,61341.0,61514.0,4235327.0,7108788.0,1258024.0,1104226.0,132899.0,50636.0,459427.0,108686.0,236711.0,315996.0,282059.0,257749.0
2021-03-01,-6693.0,10486.0,4202077.0,7038287.0,1240489.0,1100366.0,130817.0,45642.0,443146.0,114405.0,235825.0,309787.0,282805.0,254746.0
2021-04-01,17535.0,-14963.0,4201533.0,7078612.0,1276756.0,1096080.0,130256.0,43698.0,431742.0,107221.0,234814.0,307046.0,290398.0,260931.0
2021-05-01,58048.0,19421.0,4225981.0,7144656.0,1266177.0,1078439.0,127304.0,57297.0,467623.0,108775.0,236437.0,304891.0,287589.0,264817.0
2021-06-01,52842.0,-7998.0,4215874.0,7518880.0,1279678.0,1061844.0,127648.0,60772.0,533592.0,226704.0,228488.0,322724.0,302089.0,302013.0
2021-07-01,-5721.0,5759.0,4254057.0,7567320.0,1310201.0,1068347.0,128109.0,58018.0,541608.0,235941.0,220454.0,319845.0,291655.0,296203.0
2021-08-01,27211.0,-28379.0,4216265.0,7578812.0,1319731.0,1047016.0,124100.0,58742.0,568922.0,238054.0,227728.0,326376.0,294171.0,292591.0
2021-09-01,48996.0,25520.0,4207931.0,7570896.0,1299571.0,1047543.0,123793.0,58117.0,566399.0,241961.0,220858.0,309569.0,312016.0,294388.0
2021-10-01,108336.0,-17450.0,4179437.0,7660672.0,1320382.0,1065403.0,116484.0,53047.0,580163.0,239721.0,225769.0,324100.0,314331.0,289939.0
2021-11-01,10119.0,-28424.0,4161033.0,7687861.0,1325508.0,1052882.0,116516.0,48572.0,621783.0,227289.0,224882.0,330024.0,333275.0,288383.0
2021-12-01,65483.0,-22184.0,4117652.0,7740370.0,1300789.0,1040330.0,118988.0,44925.0,649344.0,223922.0,271633.0,334496.0,327819.0,284046.0
2022-01-01,23179.0,74173.0,4129999.0,7655666.0,1299891.0,1033804.0,119402.0,44949.0,610719.0,232931.0,242983.0,308464.0,312987.0,295388.0
2022-02-01,91187.0,20777.0,4124382.0,7703454.0,1303030.0,1028674.0,116722.0,46471.0,627037.0,238700.0,258380.0,314674.0,316394.0,278043.0
2022-03-01,77178.0,2514.0,4025302.0,7604215.0,1228990.0,1013201.0,115461.0,45813.0,636546.0,246039.0,264484.0,315723.0,303185.0,270726.0
2022-04-01,-8950.0,-30962.0,3907479.0,7443120.0,1214959.0,976022.0,115743.0,41906.0,614338.0,242872.0,255625.0,309446.0,296181.0,268041.0
2022-05-01,-44511.0,-48059.0,3866292.0,7410761.0,1219866.0,951753.0,114651.0,38424.0,636470.0,242544.0,268216.0,288590.0,296470.0,287146.0
2022-06-01,66498.0,22563.0,3855274.0,7416943.0,1232671.0,938847.0,119155.0,40100.0,617282.0,236276.0,273485.0,285445.0,309265.0,291465.0
2022-07-01,922.0,2191.0,3894989.0,7485522.0,1230657.0,939170.0,121620.0,41609.0,636594.0,231848.0,285410.0,277546.0,306547.0,283128.0
2022-08-01,141713.0,56502.0,3876879.0,7492694.0,1195969.0,938552.0,122103.0,48151.0,646537.0,232740.0,287801.0,275572.0,308358.0,290619.0
2022-09-01,-57212.0,-60973.0,3713699.0,7251508.0,1116371.0,901722.0,121009.0,47901.0,664811.0,206734.0,325004.0,265429.0,299853.0,273252.0
2022-10-01,-48310.0,-61008.0,3614042.0,7133151.0,1064414.0,877937.0,120673.0,53936.0,641270.0,217399.0,327216.0,245122.0,298409.0,258360.0
2022-11-01,-60868.0,-13568.0,3661970.0,7184662.0,1081808.0,870287.0,121454.0,59511.0,575127.0,194736.0,334369.0,241488.0,311263.0,266577.0
2022-12-01,38314.0,21001.0,3667449.0,7194684.0,1075054.0,867088.0,119697.0,58507.0,573691.0,180295.0,351175.0,241728.0,329314.0,269525.0
2023-01-01,4907.0,-22055.0,3703848.0,7305083.0,1102923.0,859342.0,111016.0,64881.0,597992.0,178382.0,331062.0,243047.0,318150.0,290470.0
2023-02-01,76633.0,54751.0,3692667.0,7254900.0,1080683.0,848975.0,111725.0,65243.0,576452.0,171174.0,330890.0,240877.0,327175.0,290146.0
2023-03-01,91709.0,549.0,3769907.0,7468642.0,1086642.0,869298.0,116200.0,61510.0,633126.0,173890.0,337014.0,240323.0,328556.0,305394.0
2023-04-01,71023.0,14536.0,3789724.0,7505983.0,1125808.0,868920.0,113344.0,70217.0,625131.0,187255.0,336580.0,234418.0,332261.0,298306.0
2023-05-01,44537.0,29906.0,3782698.0,7458553.0,1096119.0,846716.0,111316.0,68983.0,606608.0,201991.0,335566.0,234675.0,331464.0,304450.0
2023-06-01,140437.0,11987.0,3769207.0,7563215.0,1104085.0,835775.0,110664.0,65621.0,624391.0,207839.0,331788.0,271301.0,330667.0,306165.0
2023-07-01,29721.0,-7251.0,3758780.0,7595100.0,1111755.0,821807.0,109228.0,64883.0,609324.0,219305.0,318739.0,257124.0,352013.0,302180.0
2023-08-01,42232.0,-4155.0,3738159.0,7620532.0,1115507.0,805366.0,111989.0,68257.0,627538.0,217373.0,316725.0,281439.0,365797.0,283475.0
2023-09-01,33059.0,12429.0,3690999.0,7509115.0,1086443.0,778139.0,117131.0,64419.0,604664.0,215669.0,317070.0,279361.0,373661.0,280066.0
2023-10-01,-5824.0,-19778.0,3640409.0,7476742.0,1098222.0,769617.0,117530.0,63976.0,630017.0,222456.0,285446.0,287905.0,345378.0,275739.0
2023-11-01,134604.0,-21137.0,3684071.0,7716320.0,1127491.0,781965.0,128054.0,62848.0,650764.0,244705.0,296505.0,304697.0,371260.0,276435.0
2023-12-01,32362.0,27700.0,3796439.0,7940008.0,1115270.0,816305.0,132001.0,63998.0,688551.0,236690.0,314417.0,349651.0,339934.0,287375.0
2024-01-01,24952.0,-2440.0,3799148.0,7953787.0,1140569.0,797734.0,133526.0,60119.0,701828.0,256397.0,293090.0,334610.0,348053.0,284223.0
2024-02-01,126331.0,32676.0,3767587.0,7999272.0,1147573.0,774950.0,131141.0,68890.0,711535.0,271046.0,320069.0,341184.0,355786.0,281123.0
2024-03-01,50033.0,32386.0,3816873.0,8107871.0,1167015.0,767413.0,135884.0,70939.0,736441.0,271937.0,317173.0,340657.0,366228.0,286680.0
2024-04-01,72934.0,35302.0,3787246.0,8036194.0,1126094.0,770746.0,135432.0,69866.0,714565.0,276651.0,312478.0,330034.0,359234.0,290517.0
2024-05-01,43464.0,-19157.0,3797680.0,8130734.0,1105953.0,768295.0,136332.0,70816.0,728565.0,283059.0,313068.0,336832.0,367288.0,290484.0
2024-06-01,84831.0,7026.0,3831011.0,8299265.0,1091418.0,780196.0,140196.0,70098.0,746539.0,305421.0,318033.0,336137.0,374187.0,287375.0
2024-07-01,69728.0,-30014.0,3846436.0,8428222.0,1093501.0,776493.0,142695.0,68946.0,733503.0,291157.0,315942.0,341190.0,389336.0,289365.0
2024-08-01,92238.0,5507.0,3876375.0,8611360.0,1105986.0,774614.0,142784.0,79154.0,749219.0,312525.0,325024.0,350915.0,395743.0,299339.0
2024-09-01,74624.0,6373.0,3914130.0,8766252.0,1095498.0,771968.0,143887.0,71909.0,769251.0,328973.0,366636.0,356251.0,407154.0,305535.0
2024-10-01,96102.0,8810.0,3856251.0,8693543.0,1101549.0,760102.0,139212.0,68266.0,746472.0,330189.0,349657.0,336750.0,413533.0,297924.0
2024-11-01,-26409.0,-8469.0,3861856.0,8723263.0,1087119.0,768600.0,135556.0,73138.0,766885.0,332530.0,361308.0,343150.0,417811.0,298706.0
2024-12-01,3335.0,-37799.0,3792493.0,8619302.0,1061507.0,759016.0,137508.0,77096.0,722780.0,332337.0,374613.0,339419.0,423902.0,298748.0
2025-01-01,28360.0,42045.0,3803794.0,8617760.0,1079292.0,760818.0,126909.0,92628.0,740229.0,335426.0,377699.0,329707.0,409911.0,301150.0
2025-02-01,167056.0,40870.0,3895853.0,8899312.0,1130308.0,784287.0,126429.0,119927.0,750313.0,354067.0,394685.0,334330.0,412481.0,290767.0
2025-03-01,143062.0,28050.0,3923394.0,9051957.0,1135089.0,765360.0,131612.0,104347.0,779183.0,363093.0,402098.0,324757.0,412428.0,311650.0
2025-04-01,-70535.0,-11602.0,3907385.0,8998688.0,1140946.0,743560.0,133799.0,112933.0,807590.0,360597.0,411049.0,333123.0,411017.0,310857.0
2025-05-01,138769.0,3186.0,3877089.0,9021695.0,1142786.0,732669.0,127715.0,103620.0,809390.0,375143.0,415485.0,319276.0,412631.0,303719.0
2025-06-01,20160.0,-3963.0,3892526.0,9093552.0,1154765.0,731402.0,130471.0,96388.0,855602.0,373784.0,430288.0,310164.0,403225.0,300609.0
2025-07-01,39226.0,14656.0,3886470.0,9109546.0,1155439.0,695623.0,131641.0,107696.0,895928.0,390972.0,425383.0,320190.0,403817.0,303194.0
2025-08-01,73842.0,-7097.0,3919787.0,9248209.0,1183904.0,699698.0,132980.0,108661.0,901272.0,389130.0,451093.0,339958.0,409918.0,303017.0
2025-09-01,5529.0,-57082.0,3872555.0,9237495.0,1189258.0,699205.0,134171.0,103280.0,862461.0,375484.0,463587.0,340036.0,419895.0,301816.0
2025-10-01,-38709.0,-9854.0,3866433.0,9230486.0,1199967.0,687710.0,134303.0,110653.0,875409.0,390226.0,465502.0,339865.0,417749.0,302022.0
2025-11-01,76149.0,32552.0,3912314.0,9349632.0,1202693.0,683862.0,148842.0,103517.0,879817.0,376083.0,481025.0,340290.0,424712.0,300361.0
2025-12-01,-9842.0,-18454.0,3877654.0,9269535.0,1185528.0,684398.0,149549.0,95656.0,863123.0,368902.0,477289.0,341040.0,434020.0,294093.0
2026-01-01,37597.0,69532.0,3943284.0,9291317.0,1225291.0,695344.0,134780.0,112446.0,879755.0,380467.0,450985.0,342137.0,446152.0,289191.0
2026-02-01,94447.0,20187.0,4010976.0,9489360.0,1239286.0,694207.0,160431.0,119960.0,897338.0,395107.0,454700.0,350797.0,445972.0,286651.0
2026-03-01,929.0,-47539.0,3904901.0,9355048.0,1191597.0,653261.0,152018.0,114147.0,927134.0,392973.0,454026.0,355924.0,432424.0,286368.0
2026-04-01,30530.0,29737.0,3906503.0,9352646.0,1209889.0,651072.0,140120.0,112546.0,937523.0,393298.0,459890.0,345253.0,431128.0,288631.0
2026-05-01,13104.0,-58009.0,3847999.0,9371073.0,1143139.0,659282.0,140301.0,118600.0,948593.0,393099.0,472030.0,357213.0,436038.0,281111.0
2026-06-01,-22251.0,-45403.0,3778118.0,9298959.0,1116683.0,,,,,,,,,
